"Submission Date","Hvilken klasse går du i?","Hvad er dit modersmål?","Har du problemer med at stave?","Er du ordblind?","Tryk på ""Throw dice!"" herunder, inden du trykker på ""Næste"".","No Label","No Label","No Label","No Label","No Label","No Label","No Label","No Label","No Label","No Label","No Label","No Label","No Label","No Label","No Label","No Label","No Label","No Label","No Label","No Label","No Label","No Label","No Label","No Label","No Label","No Label","No Label","No Label","No Label","No Label","No Label","No Label","No Label","No Label","No Label","No Label","No Label","No Label","No Label","No Label","No Label","No Label","No Label","No Label","No Label","No Label","No Label","No Label","No Label","No Label","No Label","No Label","No Label","No Label","No Label","No Label","No Label","No Label","No Label","No Label","No Label","No Label","No Label","No Label","No Label","No Label","No Label","No Label","No Label","No Label","No Label","No Label","No Label","No Label","No Label","No Label","No Label","No Label","No Label","No Label","No Label","No Label","No Label","No Label","No Label","No Label","No Label","No Label","No Label","No Label","No Label","No Label","No Label","No Label","No Label","No Label","No Label","No Label","No Label","No Label","No Label","No Label","No Label","No Label","No Label","No Label","No Label","No Label","No Label","No Label","No Label","No Label","No Label","No Label","No Label","No Label","No Label","No Label","No Label","No Label","No Label","No Label","No Label","No Label","No Label","No Label","No Label","No Label","No Label","No Label","No Label","No Label","No Label","No Label","No Label","No Label","No Label","No Label","No Label","No Label","No Label","No Label","No Label","No Label","No Label","No Label","No Label","No Label","No Label","No Label","No Label","No Label","No Label","No Label","No Label","No Label","No Label","No Label","No Label","No Label","No Label","No Label","No Label","No Label","No Label","No Label","No Label","No Label","No Label","No Label","No Label","No Label","No Label","No Label","No Label","No Label","No Label","No Label","No Label","No Label","No Label","No Label","No Label","No Label","No Label","No Label","No Label","No Label","No Label","No Label","No Label","No Label","No Label","No Label","No Label","No Label","No Label","No Label","No Label","No Label","No Label","No Label","No Label","No Label","No Label","No Label","No Label","No Label","No Label","No Label","No Label","No Label","No Label","No Label","No Label","No Label","No Label","No Label","No Label","No Label","No Label","No Label","No Label","No Label","No Label","No Label","No Label","No Label","No Label","No Label","No Label","No Label","No Label","No Label","No Label","No Label","No Label","No Label","No Label","No Label","No Label","No Label","No Label","No Label","No Label","No Label","No Label","No Label","No Label","No Label","No Label","No Label","No Label","No Label"
"2021/05/12 13:47:27","7. klasse",Dansk,Nej,Nej,1,,"name: afstand, value: afstand
",,,,"name: automatisk, value: aftomatisk
",,,,,,,,"name: bjerg, value: bjerg
",,,,,,,,,"name: brugt, value: brugt
",,,,"name: chance, value: chance
",,,,,,,,,,,"name: drejede, value: drejede
",,,,,,"name: ekstra, value: ekstra 
",,,,,,,"name: filmene, value: Filmene
",,,,,,,,,,"name: foregaa, value: foregå 
",,,,"name: forsoeg, value: forsøg
",,,,,,"name: gavn, value: gavn
",,,,,,,"name: grimt, value: grimt
",,,,,,,,,,,,,,,,,"name: hvordan, value: Hvordan
",,,,,,"name: irritere, value: irritere
",,,,,,,"name: konklusion, value: konklusion
",,,,,,,,"name: kvinde, value: kvinde
",,,,,,,,,,,,,,,,,,,,,"name: motto, value: motto 
",,,,,,,"name: offentlige, value: offentlig 
",,,,,,,,,,,,,"name: pludselig, value: pluselig
",,,,,"name: psykisk, value: psykisk 
",,,,,,,,,,"name: sagtens, value: sagtens
",,,,,,"name: selvfoelgelig, value: selvfølgelig
",,,,,"name: silke, value: silke
",,,,,,,"name: slags, value: slags
",,,,,,,,,"name: snuppe, value: snuppe
",,,,,,,,"name: spoergsmaal, value: spørgsmål
",,,,,,,"name: straekke, value: strække
",,,,,"name: svajede, value: svajede
",,,,,,,,,,"name: tekst, value: tekst 
",,,,,,"name: tradition, value: tradition
",,,,,,,,"name: tvaers, value: tværs
",,,,"name: vaerst, value: værst
",,,,,,,
"2021/05/12 13:47:09","7. klasse",Dansk,Nej,Nej,1,,"name: afstand, value: afstand
",,,,"name: automatisk, value: automatisk  
",,,,,,,,"name: bjerg, value: Bjerg
",,,,,,,,,"name: brugt, value: brugt
",,,,"name: chance, value: chance
",,,,,,,,,,,"name: drejede, value: drejede
",,,,,,"name: ekstra, value: ekstra
",,,,,,,"name: filmene, value: Filmene 
",,,,,,,,,,"name: foregaa, value: foregå 
",,,,"name: forsoeg, value: forsøg
",,,,,,"name: gavn, value: gavn
",,,,,,,"name: grimt, value: grimt
",,,,,,,,,,,,,,,,,"name: hvordan, value: Hvordan
",,,,,,"name: irritere, value: irritere 
",,,,,,,"name: konklusion, value: konklusion 
",,,,,,,,"name: kvinde, value: kvinde
",,,,,,,,,,,,,,,,,,,,,"name: motto, value: motto 
",,,,,,,"name: offentlige, value: offentlige 
",,,,,,,,,,,,,"name: pludselig, value: Pludselig
",,,,,"name: psykisk, value: psykisk 
",,,,,,,,,,"name: sagtens, value: sagtens
",,,,,,"name: selvfoelgelig, value: Selvfølgelig 
",,,,,"name: silke, value: silke
",,,,,,,"name: slags, value: slags
",,,,,,,,,"name: snuppe, value: snuppe
",,,,,,,,"name: spoergsmaal, value: spørgsmål
",,,,,,,"name: straekke, value: strække 
",,,,,"name: svajede, value: svajede
",,,,,,,,,,"name: tekst, value: tekst
",,,,,,"name: tradition, value: tradition
",,,,,,,,"name: tvaers, value: tværs 
",,,,"name: vaerst, value: Værst 
",,,,,,,
"2021/05/12 13:38:36","7. klasse",Dansk,Nej,Nej,2,,"name: afstand, value: Arustan
",,,,"name: automatisk, value: Arutumatisk
",,,,,,,,"name: bjerg, value: Bjav
",,,,,,,,,"name: brugt, value: Brugt
",,,,"name: chance, value: Sjavse
",,,,,,,,,,,"name: drejede, value: Drage 
",,,,,,"name: ekstra, value: Ægsdere
",,,,,,,"name: filmene, value: Filmene
",,,,,,,,,,"name: foregaa, value: Forgå
",,,,"name: forsoeg, value: Forsøg
",,,,,,"name: gavn, value: Grauvn
",,,,,,,"name: grimt, value: Grimt
",,,,,,,,,,,,,,,,,"name: hvordan, value: Hvordan
",,,,,,"name: irritere, value: Iroteger
",,,,,,,"name: konklusion, value: Komfimasgon
",,,,,,,,"name: kvinde, value: Kvinde 
",,,,,,,,,,,,,,,,,,,,,"name: motto, value: Morto
",,,,,,,"name: offentlige, value: Ofelig
",,,,,,,,,,,,,"name: pludselig, value: Pludselig 
",,,,,"name: psykisk, value: Syges 
",,,,,,,,,,"name: sagtens, value: Sagsen
",,,,,,"name: selvfoelgelig, value: Selfølgelig 
",,,,,"name: silke, value: Selke
",,,,,,,"name: slags, value: Slags
",,,,,,,,,"name: snuppe, value: Snåppe
",,,,,,,,"name: spoergsmaal, value: Spørgsmål 
",,,,,,,"name: straekke, value: Sdrakke
",,,,,"name: svajede, value: Svagede
",,,,,,,,,,"name: tekst, value: Tæsk 
",,,,,,"name: tradition, value: Tradition
",,,,,,,,"name: tvaers, value: Tavs 
",,,,"name: vaerst, value: Varst
",,,,,,,
"2021/05/12 13:35:39","7. klasse",Dansk,Nej,Nej,3,,,,"name: akkurat, value: akkurat
",,,,,,,"name: benzin, value: benzin
",,,,,,"name: blank, value: blank
",,,,,,,,"name: brylluppet, value: bryllupet
",,,,,,,"name: design, value: degsin
",,,"name: doegn, value: døgn
",,,,,,,,,,,"name: engelsk, value: engelsk
",,,,,,,,"name: fjernet, value: fjernet
",,,,,,,,"name: forhold, value: forhold
",,,,,"name: fortjene, value: fortjene
",,,,,,"name: gevinst, value: gevinst
",,,,,,,,,,,,,,,"name: hjoerne, value: hjørne
",,,,,,,,,,"name: imponere, value: indpunder
",,,,,"name: kampagne, value: kampainge
",,,,,,"name: korrekt, value: korrekt
",,,,,,,,,,,,,,,,"name: lyspunkt, value: lyspunkt
",,,,,,,,,,,,,,,,"name: nogen, value: nogle
","name: oejne, value: øjne
",,,,,,,"name: ordsprog, value: ordsprog
",,,,,,,,,"name: point, value: point
",,,,,,,,,"name: regn, value: regne
",,,,,,,"name: samarbejde, value: samarbejde
",,,,,,"name: show, value: show
",,,,,,"name: skrevet, value: skrevet
",,,,,,"name: slette, value: slette
",,,,,,,,,"name: solgt, value: solgt
",,,,,,,,,"name: staerk, value: skærk
","name: stakkels, value: stakkels
",,,,,,,,,,"name: svensk, value: svensk
",,,,,,,,,"name: tidligere, value: tidliger
",,,,,,,,,,"name: travl, value: travel
",,,,,"name: taarer, value: tåre
",,,,,,,,,
"2021/05/12 13:35:38","7. klasse",Dansk,Nej,Nej,5,,,,,"name: apparat, value: apparat
",,,,,,,,"name: bevaege, value: bevæge
",,,,,,,,,"name: bruge, value: bruge
",,,,"name: camping, value: camping
",,,,,,,,"name: diskussion, value: diskussion
",,,,,,,,"name: eftermiddag, value: eftermiddag
",,,,,"name: enkelt, value: enkelt
",,,,,,,,,,"name: flytte, value: flytte
",,,,,,"name: forklarer, value: forklarer
",,,,,,,"name: fremragende, value: fremragende
",,,,,"name: glatte, value: glatte
",,,,,,,,,,,,,,,,,,"name: hurtig, value: hurtig
",,,,,,,"name: indsats, value: indsats
",,,,,,"name: knytte, value: knytte
",,,,"name: kraeve, value: kræve
",,,,,,,,,,,,,,,,,,,,,"name: mennesker, value: mennesker
",,,,,,,,"name: naermer, value: nærmere
",,,"name: oejne, value: øjne
",,,,,,,,,"name: passager, value: passager
",,,,,,,,,,"name: projekt, value: projekt
",,,,,,,,,"name: ryggen, value: ryggen
",,,,,"name: scenen, value: scenen
",,,,,,,"name: sikre, value: sikre
",,,,,,,"name: skubbede, value: skubbede
",,,,,"name: smerte, value: smærte
",,,,,,,,,"name: speciel, value: speciel
",,,,,,,,,,,,"name: straks, value: straks
",,"name: succes, value: succese
",,,,,,,"name: sygdomme, value: sygdomme
",,,,,,,"name: tilskuere, value: tilskuere
",,,,,,,,,,,"name: traadte, value: trådte
",,,,,,,,,,"name: vidste, value: vidste
",,
"2021/05/12 13:34:49","7. klasse",Dansk,Ja,Nej,1,,"name: afstand, value: afstand
",,,,"name: automatisk, value: automatisk
",,,,,,,,"name: bjerg, value: berg
",,,,,,,,,"name: brugt, value: brugt
",,,,"name: chance, value: chance
",,,,,,,,,,,"name: drejede, value: drejede
",,,,,,"name: ekstra, value: ekstra
",,,,,,,"name: filmene, value: filmen
",,,,,,,,,,"name: foregaa, value: forgår
",,,,"name: forsoeg, value: forsøg
",,,,,,"name: gavn, value: gavn
",,,,,,,"name: grimt, value: grimt
",,,,,,,,,,,,,,,,,"name: hvordan, value: hvordan
",,,,,,"name: irritere, value: irritere
",,,,,,,"name: konklusion, value: konklusion
",,,,,,,,"name: kvinde, value: kvinde
",,,,,,,,,,,,,,,,,,,,,"name: motto, value: motto
",,,,,,,"name: offentlige, value: offentlig
",,,,,,,,,,,,,"name: pludselig, value: pludselig
",,,,,"name: psykisk, value: psykisk
",,,,,,,,,,"name: sagtens, value: sagtens
",,,,,,"name: selvfoelgelig, value: selvfølgelig
",,,,,"name: silke, value: silke
",,,,,,,"name: slags, value: slags
",,,,,,,,,"name: snuppe, value: snuppe
",,,,,,,,"name: spoergsmaal, value: spørgsmål
",,,,,,,"name: straekke, value: strække
",,,,,"name: svajede, value: svajede
",,,,,,,,,,"name: tekst, value: tekst
",,,,,,"name: tradition, value: tradition
",,,,,,,,"name: tvaers, value: tværs
",,,,"name: vaerst, value: værst
",,,,,,,
"2021/05/12 13:34:27","7. klasse",Dansk,Nej,Nej,2,,"name: afstand, value: afstand
",,,,"name: automatisk, value: automatisk
",,,,,,,,"name: bjerg, value: bjerg
",,,,,,,,,"name: brugt, value: brugt
",,,,"name: chance, value: chance
",,,,,,,,,,,"name: drejede, value: drejede
",,,,,,"name: ekstra, value: ekstre
",,,,,,,"name: filmene, value: Filmen
",,,,,,,,,,"name: foregaa, value: foregå
",,,,"name: forsoeg, value: forsøg
",,,,,,"name: gavn, value: gavn
",,,,,,,"name: grimt, value: grimt
",,,,,,,,,,,,,,,,,"name: hvordan, value: Hvordan
",,,,,,"name: irritere, value: irretere
",,,,,,,"name: konklusion, value: konklution
",,,,,,,,"name: kvinde, value: kvinde
",,,,,,,,,,,,,,,,,,,,,"name: motto, value: morto
",,,,,,,"name: offentlige, value: offenlige
",,,,,,,,,,,,,"name: pludselig, value: Pludselig
",,,,,"name: psykisk, value: sygisk
",,,,,,,,,,"name: sagtens, value: sagtens
",,,,,,"name: selvfoelgelig, value: Selvfølgelig
",,,,,"name: silke, value: silke
",,,,,,,"name: slags, value: slags
",,,,,,,,,"name: snuppe, value: snuppe
",,,,,,,,"name: spoergsmaal, value: spørgsmål
",,,,,,,"name: straekke, value: strække
",,,,,"name: svajede, value: svajede
",,,,,,,,,,"name: tekst, value: tekst
",,,,,,"name: tradition, value: tradition
",,,,,,,,"name: tvaers, value: tværs
",,,,"name: vaerst, value: Værst
",,,,,,,
"2021/05/12 13:34:05","7. klasse",Dansk,Nej,Nej,5,,,,,"name: apparat, value: aberrant
",,,,,,,,"name: bevaege, value: bevæge
",,,,,,,,,"name: bruge, value: bruge
",,,,"name: camping, value: camping
",,,,,,,,"name: diskussion, value: diskussion
",,,,,,,,"name: eftermiddag, value: eftermiddag
",,,,,"name: enkelt, value: enkelt
",,,,,,,,,,"name: flytte, value: flytte
",,,,,,"name: forklarer, value: forklare
",,,,,,,"name: fremragende, value: fremragende
",,,,,"name: glatte, value: glatte
",,,,,,,,,,,,,,,,,,"name: hurtig, value: hurtig
",,,,,,,"name: indsats, value: indsats
",,,,,,"name: knytte, value: knytte
",,,,"name: kraeve, value: kræve
",,,,,,,,,,,,,,,,,,,,,"name: mennesker, value: mennesker
",,,,,,,,"name: naermer, value: nærmer 
",,,"name: oejne, value: øjne
",,,,,,,,,"name: passager, value: passagere
",,,,,,,,,,"name: projekt, value: projekt
",,,,,,,,,"name: ryggen, value: ryggen
",,,,,"name: scenen, value: scenen
",,,,,,,"name: sikre, value: sikre
",,,,,,,"name: skubbede, value: skubbede 
",,,,,"name: smerte, value: smerte 
",,,,,,,,,"name: speciel, value: special 
",,,,,,,,,,,,"name: straks, value: straks 
",,"name: succes, value: sucess
",,,,,,,"name: sygdomme, value: sygedome
",,,,,,,"name: tilskuere, value: tilskuere 
",,,,,,,,,,,"name: traadte, value: tråde 
",,,,,,,,,,"name: vidste, value: vidste 
",,
"2021/05/12 13:33:55","7. klasse",Dansk,Nej,Nej,5,,,,,"name: apparat, value: apparat
",,,,,,,,"name: bevaege, value: bevæge
",,,,,,,,,"name: bruge, value: bruge
",,,,"name: camping, value: camping
",,,,,,,,"name: diskussion, value: diskussion
",,,,,,,,"name: eftermiddag, value: eftermiddag
",,,,,"name: enkelt, value: enkelt
",,,,,,,,,,"name: flytte, value: flytte
",,,,,,"name: forklarer, value: forklarer
",,,,,,,"name: fremragende, value: fremragende
",,,,,"name: glatte, value: glatte
",,,,,,,,,,,,,,,,,,"name: hurtig, value: hurtig
",,,,,,,"name: indsats, value: indsats
",,,,,,"name: knytte, value: knytte
",,,,"name: kraeve, value: kræve
",,,,,,,,,,,,,,,,,,,,,"name: mennesker, value: mennesker
",,,,,,,,"name: naermer, value: nærmere
",,,"name: oejne, value: øjne
",,,,,,,,,"name: passager, value: passager
",,,,,,,,,,"name: projekt, value: projekt
",,,,,,,,,"name: ryggen, value: ryggen
",,,,,"name: scenen, value: scenen
",,,,,,,"name: sikre, value: sikre
",,,,,,,"name: skubbede, value: skubber
",,,,,"name: smerte, value: smerte
",,,,,,,,,"name: speciel, value: speciel
",,,,,,,,,,,,"name: straks, value: straks
",,"name: succes, value: succes
",,,,,,,"name: sygdomme, value: sygdomme
",,,,,,,"name: tilskuere, value: tilskuer
",,,,,,,,,,,"name: traadte, value: trådte
",,,,,,,,,,"name: vidste, value: vidste
",,
"2021/05/12 13:32:55","7. klasse",Dansk,Nej,Nej,3,,,,"name: akkurat, value: akkurat
",,,,,,,"name: benzin, value: benzin
",,,,,,"name: blank, value: blank
",,,,,,,,"name: brylluppet, value: brylluppet
",,,,,,,"name: design, value: design
",,,"name: doegn, value: døgn
",,,,,,,,,,,"name: engelsk, value: engelsk
",,,,,,,,"name: fjernet, value: fjernet
",,,,,,,,"name: forhold, value: forhold
",,,,,"name: fortjene, value: fortjene
",,,,,,"name: gevinst, value: gevindst
",,,,,,,,,,,,,,,"name: hjoerne, value: hjørne
",,,,,,,,,,"name: imponere, value: imponere
",,,,,"name: kampagne, value: kampange
",,,,,,"name: korrekt, value: korrekt
",,,,,,,,,,,,,,,,"name: lyspunkt, value: lyspunkt
",,,,,,,,,,,,,,,,"name: nogen, value: nogen
","name: oejne, value: øjne
",,,,,,,"name: ordsprog, value: ordsprog
",,,,,,,,,"name: point, value: point
",,,,,,,,,"name: regn, value: regn
",,,,,,,"name: samarbejde, value: samarbejde
",,,,,,"name: show, value: show
",,,,,,"name: skrevet, value: skrevet
",,,,,,"name: slette, value: slette
",,,,,,,,,"name: solgt, value: solgt
",,,,,,,,,"name: staerk, value: stærk
","name: stakkels, value: stakkels
",,,,,,,,,,"name: svensk, value: svensk
",,,,,,,,,"name: tidligere, value: tidligere
",,,,,,,,,,"name: travl, value: travl
",,,,,"name: taarer, value: tåre
",,,,,,,,,
"2021/05/12 13:30:35","7. klasse",,Nej,Nej,4,,,,"name: akkurat, value: arkurart 
",,,,,,,"name: benzin, value: benzin
",,,,,,"name: blank, value: blank
",,,,,,,,"name: brylluppet, value: brylerped
",,,,,,,"name: design, value: design 
",,,"name: doegn, value: døgn
",,,,,,,,,,,"name: engelsk, value: engelsk
",,,,,,,,"name: fjernet, value: fjerned 
",,,,,,,,"name: forhold, value: forhold 
",,,,,"name: fortjene, value: fortjene 
",,,,,,"name: gevinst, value: gevinst
",,,,,,,,,,,,,,,"name: hjoerne, value: hjørne 
",,,,,,,,,,"name: imponere, value: inponere 
",,,,,"name: kampagne, value: kampanje 
",,,,,,"name: korrekt, value: korekt 
",,,,,,,,,,,,,,,,"name: lyspunkt, value: lyspunkt
",,,,,,,,,,,,,,,,"name: nogen, value: nogen
","name: oejne, value: øjne
",,,,,,,"name: ordsprog, value: ordsprog 
",,,,,,,,,"name: point, value: poing
",,,,,,,,,"name: regn, value: regn
",,,,,,,"name: samarbejde, value: sammebejde 
",,,,,,"name: show, value: show
",,,,,,"name: skrevet, value: skrevet
",,,,,,"name: slette, value: slette 
",,,,,,,,,"name: solgt, value: solgt
",,,,,,,,,"name: staerk, value: stærk
","name: stakkels, value: stakels 
",,,,,,,,,,"name: svensk, value: svensk
",,,,,,,,,"name: tidligere, value: tidliger
",,,,,,,,,,"name: travl, value: travl 
",,,,,"name: taarer, value: tore
",,,,,,,,,
"2021/05/12 13:30:05","7. klasse",Dansk,Nej,Nej,3,,,,"name: akkurat, value: accurat
",,,,,,,"name: benzin, value: benzin
",,,,,,"name: blank, value: blank
",,,,,,,,"name: brylluppet, value: brylluppet
",,,,,,,"name: design, value: design
",,,"name: doegn, value: døgn
",,,,,,,,,,,"name: engelsk, value: engelsk
",,,,,,,,"name: fjernet, value: fjernet
",,,,,,,,"name: forhold, value: forhold
",,,,,"name: fortjene, value: fortjene
",,,,,,"name: gevinst, value: gevindst
",,,,,,,,,,,,,,,"name: hjoerne, value: hjørne
",,,,,,,,,,"name: imponere, value: indponeret
",,,,,"name: kampagne, value: kampandge
",,,,,,"name: korrekt, value: correct
",,,,,,,,,,,,,,,,"name: lyspunkt, value: lyspunkt
",,,,,,,,,,,,,,,,"name: nogen, value: nogen
","name: oejne, value: øjne
",,,,,,,"name: ordsprog, value: ordsprog
",,,,,,,,,"name: point, value: point
",,,,,,,,,"name: regn, value: regn
",,,,,,,"name: samarbejde, value: samarbejde
",,,,,,"name: show, value: show
",,,,,,"name: skrevet, value: skrevet
",,,,,,"name: slette, value: slette
",,,,,,,,,"name: solgt, value: solgt
",,,,,,,,,"name: staerk, value: stærk
","name: stakkels, value: stakels
",,,,,,,,,,"name: svensk, value: svensk
",,,,,,,,,"name: tidligere, value: tidligere
",,,,,,,,,,"name: travl, value: travl
",,,,,"name: taarer, value: tårer
",,,,,,,,,
"2021/05/12 13:30:03","7. klasse",Dansk,Ja,Nej,3,,,,"name: akkurat, value: akuratte
",,,,,,,"name: benzin, value: benzin
",,,,,,"name: blank, value: blanke
",,,,,,,,"name: brylluppet, value: brylluppet 
",,,,,,,"name: design, value: design
",,,"name: doegn, value: døgn
",,,,,,,,,,,"name: engelsk, value: engelsk
",,,,,,,,"name: fjernet, value: fjerned
",,,,,,,,"name: forhold, value: forhold
",,,,,"name: fortjene, value: fortjene 
",,,,,,"name: gevinst, value: gevinst
",,,,,,,,,,,,,,,"name: hjoerne, value: hjørne
",,,,,,,,,,"name: imponere, value: imponere 
",,,,,"name: kampagne, value: campaing 
",,,,,,"name: korrekt, value: korrekt
",,,,,,,,,,,,,,,,"name: lyspunkt, value: lysepunkt
",,,,,,,,,,,,,,,,"name: nogen, value: nogen
","name: oejne, value: øjnen
",,,,,,,"name: ordsprog, value: ordspørg
",,,,,,,,,"name: point, value: poing
",,,,,,,,,"name: regn, value: regn
",,,,,,,"name: samarbejde, value: samarbejde
",,,,,,"name: show, value: show
",,,,,,"name: skrevet, value: skrevet
",,,,,,"name: slette, value: slette
",,,,,,,,,"name: solgt, value: solgt
",,,,,,,,,"name: staerk, value: stræk
","name: stakkels, value: stakels
",,,,,,,,,,"name: svensk, value: svensk
",,,,,,,,,"name: tidligere, value: tidliger
",,,,,,,,,,"name: travl, value: travle
",,,,,"name: taarer, value: tårere
",,,,,,,,,
"2021/05/12 13:28:44","7. klasse",Dansk,Nej,Nej,4,,,,"name: akkurat, value: aguart
",,,,,,,"name: benzin, value: benzin
",,,,,,"name: blank, value: blank
",,,,,,,,"name: brylluppet, value: bryluppet
",,,,,,,"name: design, value: designet
",,,"name: doegn, value: døgn
",,,,,,,,,,,"name: engelsk, value: engelsk
",,,,,,,,"name: fjernet, value: fjernet
",,,,,,,,"name: forhold, value: forhold
",,,,,"name: fortjene, value: fortjene
",,,,,,"name: gevinst, value: gevinst
",,,,,,,,,,,,,,,"name: hjoerne, value: hjørne
",,,,,,,,,,"name: imponere, value: imponere
",,,,,"name: kampagne, value: kampanije
",,,,,,"name: korrekt, value: korekt
",,,,,,,,,,,,,,,,"name: lyspunkt, value: lyspunkt
",,,,,,,,,,,,,,,,"name: nogen, value: nogen
","name: oejne, value: øjne
",,,,,,,"name: ordsprog, value: ordsprog
",,,,,,,,,"name: point, value: point
",,,,,,,,,"name: regn, value: regn
",,,,,,,"name: samarbejde, value: samarbejde
",,,,,,"name: show, value: Sony
",,,,,,"name: skrevet, value: skrevet
",,,,,,"name: slette, value: slette
",,,,,,,,,"name: solgt, value: solgt
",,,,,,,,,"name: staerk, value: stærk
","name: stakkels, value: stakkels
",,,,,,,,,,"name: svensk, value: svensk 
",,,,,,,,,"name: tidligere, value: ´tidligere
",,,,,,,,,,"name: travl, value: travl
",,,,,"name: taarer, value: tåre
",,,,,,,,,
"2021/05/12 13:28:43","7. klasse",Dansk,Ja,Nej,4,,,,"name: akkurat, value: agurat
",,,,,,,"name: benzin, value: bensin
",,,,,,"name: blank, value: black
",,,,,,,,"name: brylluppet, value: frølåret
",,,,,,,"name: design, value: defineret
",,,"name: doegn, value: døvn
",,,,,,,,,,,"name: engelsk, value: tysk
",,,,,,,,"name: fjernet, value: tilføjet
",,,,,,,,"name: forhold, value: forbehold
",,,,,"name: fortjene, value: fortælle
",,,,,,"name: gevinst, value: gevinst
",,,,,,,,,,,,,,,"name: hjoerne, value: bjørne
",,,,,,,,,,"name: imponere, value: improvisere
",,,,,"name: kampagne, value: champagne
",,,,,,"name: korrekt, value: forkert
",,,,,,,,,,,,,,,,"name: lyspunkt, value: mørktpunkt
",,,,,,,,,,,,,,,,"name: nogen, value: ingen
","name: oejne, value: øjenbryn
",,,,,,,"name: ordsprog, value: ord
",,,,,,,,,"name: point, value: pølser
",,,,,,,,,"name: regn, value: sol
",,,,,,,"name: samarbejde, value: sloges
",,,,,,"name: show, value: slope
",,,,,,"name: skrevet, value: brand
",,,,,,"name: slette, value: slette
",,,,,,,,,"name: solgt, value: købt
",,,,,,,,,"name: staerk, value: slap
","name: stakkels, value: seje
",,,,,,,,,,"name: svensk, value: engelsk
",,,,,,,,,"name: tidligere, value: senere
",,,,,,,,,,"name: travl, value: sløv
",,,,,"name: taarer, value: sand
",,,,,,,,,
"2021/05/12 13:27:34","7. klasse",Dansk,Nej,Nej,3,,,,"name: akkurat, value: akurat
",,,,,,,"name: benzin, value: benzin
",,,,,,"name: blank, value: lang
",,,,,,,,"name: brylluppet, value: bryllup
",,,,,,,"name: design, value: design
",,,"name: doegn, value: døgn
",,,,,,,,,,,"name: engelsk, value: engelsk
",,,,,,,,"name: fjernet, value: fjernet
",,,,,,,,"name: forhold, value: forhold
",,,,,"name: fortjene, value: fortjene
",,,,,,"name: gevinst, value: gevinst
",,,,,,,,,,,,,,,"name: hjoerne, value: hjørne
",,,,,,,,,,"name: imponere, value: imponere
",,,,,"name: kampagne, value: kampange
",,,,,,"name: korrekt, value: korret
",,,,,,,,,,,,,,,,"name: lyspunkt, value: lyspunkt
",,,,,,,,,,,,,,,,"name: nogen, value: nogen
","name: oejne, value: øjne
",,,,,,,"name: ordsprog, value: ordsprog
",,,,,,,,,"name: point, value: point
",,,,,,,,,"name: regn, value: regn
",,,,,,,"name: samarbejde, value: samarbejde
",,,,,,"name: show, value: show
",,,,,,"name: skrevet, value: skrevet
",,,,,,"name: slette, value: slette
",,,,,,,,,"name: solgt, value: solgt
",,,,,,,,,"name: staerk, value: stærk
","name: stakkels, value: stakkels
",,,,,,,,,,"name: svensk, value: svensk
",,,,,,,,,"name: tidligere, value: senere
",,,,,,,,,,"name: travl, value: travl
",,,,,"name: taarer, value: tårer
",,,,,,,,,
"2021/05/12 13:27:33","7. klasse",Dansk,Nej,Nej,3,,,,"name: akkurat, value: akkurat
",,,,,,,"name: benzin, value: benzin
",,,,,,"name: blank, value: blank
",,,,,,,,"name: brylluppet, value: brylluppet
",,,,,,,"name: design, value: design
",,,"name: doegn, value: døgn
",,,,,,,,,,,"name: engelsk, value: engelsk
",,,,,,,,"name: fjernet, value: fjernet
",,,,,,,,"name: forhold, value: forhold
",,,,,"name: fortjene, value: fortjene
",,,,,,"name: gevinst, value: gevinst
",,,,,,,,,,,,,,,"name: hjoerne, value: hjørne
",,,,,,,,,,"name: imponere, value: imponere
",,,,,"name: kampagne, value: kampagne
",,,,,,"name: korrekt, value: korrekt
",,,,,,,,,,,,,,,,"name: lyspunkt, value: lyspunkt
",,,,,,,,,,,,,,,,"name: nogen, value: nogen
","name: oejne, value: øjne
",,,,,,,"name: ordsprog, value: ordsprog
",,,,,,,,,"name: point, value: point
",,,,,,,,,"name: regn, value: regn
",,,,,,,"name: samarbejde, value: samarbejde
",,,,,,"name: show, value: show
",,,,,,"name: skrevet, value: skrevet
",,,,,,"name: slette, value: slette
",,,,,,,,,"name: solgt, value: solgt
",,,,,,,,,"name: staerk, value: stærk
","name: stakkels, value: stakkels
",,,,,,,,,,"name: svensk, value: svensk
",,,,,,,,,"name: tidligere, value: tidliger
",,,,,,,,,,"name: travl, value: travl
",,,,,"name: taarer, value: tårre
",,,,,,,,,
"2021/05/12 13:26:48","5. klasse",Dansk,Nej,Nej,5,,,,,,,,,,"name: begynde, value: begynde
",,,,,,,,,,,,"name: bruge, value: bruge
",,,,,,"name: chok, value: chok
",,,,,,,"name: doegn, value: døgn
","name: drage, value: dreng
",,,,,,,,"name: ekstra, value: ekstra
",,,,,,,,,"name: fjernede, value: fjernede
",,,,,,,,"name: foregaa, value: foregå
",,,,,"name: fortalt, value: fortalt
",,,,,,,,"name: glasset, value: glasset
",,,,,,,"name: gaaende, value: gående
",,,,,,,,,,,"name: hurra, value: hurra
",,,,,"name: ignorerer, value: ignorere
",,,,"name: irritere, value: irritere
",,,,"name: knap, value: knap
",,,,,,,,,,,,"name: kvist, value: kvist
","name: laege, value: læge
",,,,,,,,,"name: maerke, value: mærke
",,,,,,,"name: mission, value: mision
",,,,,,,,,,,"name: onsdag, value: onsdag
",,,,,,,,,"name: pege, value: pege
",,,,,"name: problem, value: problem
",,,,,,"name: rapport, value: rapport
",,,,,,,,,,,,,,"name: selvom, value: selvom
",,,,,,"name: skifter, value: skifter
",,,,,,"name: slet, value: slet
",,,,,,,,,,,,"name: speciel, value: special
",,,"name: spoerg, value: spørg
",,,,,,,,,,,"name: succes, value: succes
",,,,,,,,,,,,"name: tekst, value: tekst
",,,,,,,,,"name: traels, value: træls
",,,,,"name: tvaers, value: tværs
",,,,,,,,,,"name: zoo, value: zoo
","name: aabent, value: åbent
"
"2021/05/12 13:26:26","7. klasse",Dansk,Nej,Nej,5,,,,,"name: apparat, value: apparat
",,,,,,,,"name: bevaege, value: bevæge
",,,,,,,,,"name: bruge, value: bruge
",,,,"name: camping, value: camping
",,,,,,,,"name: diskussion, value: diskussion
",,,,,,,,"name: eftermiddag, value: eftermiddag
",,,,,"name: enkelt, value: enkelt
",,,,,,,,,,"name: flytte, value: flytte
",,,,,,"name: forklarer, value: forklarer
",,,,,,,"name: fremragende, value: fremragende
",,,,,"name: glatte, value: glatte
",,,,,,,,,,,,,,,,,,"name: hurtig, value: hurtig
",,,,,,,"name: indsats, value: indsats
",,,,,,"name: knytte, value: knytte
",,,,"name: kraeve, value: kræve
",,,,,,,,,,,,,,,,,,,,,"name: mennesker, value: mennesker
",,,,,,,,"name: naermer, value: nærmer
",,,"name: oejne, value: øjne
",,,,,,,,,"name: passager, value: passagere
",,,,,,,,,,"name: projekt, value: projekt
",,,,,,,,,"name: ryggen, value: ryggen
",,,,,"name: scenen, value: scenen
",,,,,,,"name: sikre, value: sikre
",,,,,,,"name: skubbede, value: skubbede
",,,,,"name: smerte, value: smerte
",,,,,,,,,"name: speciel, value: special
",,,,,,,,,,,,"name: straks, value: straks
",,"name: succes, value: succes
",,,,,,,"name: sygdomme, value: sygdomme
",,,,,,,"name: tilskuere, value: tilskuer
",,,,,,,,,,,"name: traadte, value: trådte
",,,,,,,,,,"name: vidste, value: vidste
",,
"2021/05/12 12:43:06","7. klasse",Dansk,Nej,Nej,4,,,,"name: akkurat, value: akurat
",,,,,,,"name: benzin, value: benzin
",,,,,,"name: blank, value: blank
",,,,,,,,"name: brylluppet, value: brylluppet
",,,,,,,"name: design, value: design
",,,"name: doegn, value: døgn
",,,,,,,,,,,"name: engelsk, value: engelsk
",,,,,,,,"name: fjernet, value: fjernet
",,,,,,,,"name: forhold, value: forhold
",,,,,"name: fortjene, value: fortjene
",,,,,,"name: gevinst, value: gevinst
",,,,,,,,,,,,,,,"name: hjoerne, value: hjørne
",,,,,,,,,,"name: imponere, value: imponere
",,,,,"name: kampagne, value: kampagne
",,,,,,"name: korrekt, value: korrekt
",,,,,,,,,,,,,,,,"name: lyspunkt, value: lyspunkt
",,,,,,,,,,,,,,,,"name: nogen, value: nogen
","name: oejne, value: øjne
",,,,,,,"name: ordsprog, value: ordsprog
",,,,,,,,,"name: point, value: point
",,,,,,,,,"name: regn, value: regn
",,,,,,,"name: samarbejde, value: samarbejde
",,,,,,"name: show, value: show
",,,,,,"name: skrevet, value: skrevet
",,,,,,"name: slette, value: slette
",,,,,,,,,"name: solgt, value: solgt
",,,,,,,,,"name: staerk, value: stærk
","name: stakkels, value: stakkels
",,,,,,,,,,"name: svensk, value: svensk
",,,,,,,,,"name: tidligere, value: tidligere
",,,,,,,,,,"name: travl, value: travl
",,,,,"name: taarer, value: tårer
",,,,,,,,,
"2021/05/11 13:48:47","7. klasse",Dansk,Nej,Nej,3,,,,"name: akkurat, value: akurart
",,,,,,,"name: benzin, value: benzin
",,,,,,"name: blank, value: blank
",,,,,,,,"name: brylluppet, value: bryllup
",,,,,,,"name: design, value: design
",,,"name: doegn, value: døgn
",,,,,,,,,,,"name: engelsk, value: engelsk
",,,,,,,,"name: fjernet, value: fjernede
",,,,,,,,"name: forhold, value: forhold
",,,,,"name: fortjene, value: fortælle
",,,,,,"name: gevinst, value: gevinst
",,,,,,,,,,,,,,,"name: hjoerne, value: hjørne
",,,,,,,,,,"name: imponere, value: imponere
",,,,,"name: kampagne, value: kampagne
",,,,,,"name: korrekt, value: korrekt
",,,,,,,,,,,,,,,,"name: lyspunkt, value: lyspunkt
",,,,,,,,,,,,,,,,"name: nogen, value: nogen
","name: oejne, value: øjne
",,,,,,,"name: ordsprog, value: ordsprog
",,,,,,,,,"name: point, value: point
",,,,,,,,,"name: regn, value: meget
",,,,,,,"name: samarbejde, value: samerarbejde
",,,,,,"name: show, value: pas
",,,,,,"name: skrevet, value: skrevet
",,,,,,"name: slette, value: slette
",,,,,,,,,"name: solgt, value: solgt
",,,,,,,,,"name: staerk, value: stærk
","name: stakkels, value: stakkels
",,,,,,,,,,"name: svensk, value: svensk
",,,,,,,,,"name: tidligere, value: tidligere
",,,,,,,,,,"name: travl, value: travl
",,,,,"name: taarer, value: tårer
",,,,,,,,,
"2021/05/11 13:46:24","7. klasse",Dansk,Ja,Ja,3,,,,"name: akkurat, value: akurat
",,,,,,,"name: benzin, value: benzin
",,,,,,"name: blank, value: blank
",,,,,,,,"name: brylluppet, value: bryleoped
",,,,,,,"name: design, value: desin
",,,"name: doegn, value: don
",,,,,,,,,,,"name: engelsk, value: engelsk
",,,,,,,,"name: fjernet, value: fjernet
",,,,,,,,"name: forhold, value: forhol
",,,,,"name: fortjene, value: fortjene
",,,,,,"name: gevinst, value: gevinst
",,,,,,,,,,,,,,,"name: hjoerne, value: hjørne
",,,,,,,,,,"name: imponere, value: inponer
",,,,,"name: kampagne, value: kampanje
",,,,,,"name: korrekt, value: korakt
",,,,,,,,,,,,,,,,"name: lyspunkt, value: lyspunkt
",,,,,,,,,,,,,,,,"name: nogen, value: nogle
","name: oejne, value: øjne
",,,,,,,"name: ordsprog, value: ordsprog
",,,,,,,,,"name: point, value: poing
",,,,,,,,,"name: regn, value: reng
",,,,,,,"name: samarbejde, value: samearbejde
",,,,,,"name: show, value: pas
",,,,,,"name: skrevet, value: skrivet
",,,,,,"name: slette, value: slette
",,,,,,,,,"name: solgt, value: solgt
",,,,,,,,,"name: staerk, value: stærk
","name: stakkels, value: starkels
",,,,,,,,,,"name: svensk, value: svensk
",,,,,,,,,"name: tidligere, value: tidliger
",,,,,,,,,,"name: travl, value: tralv
",,,,,"name: taarer, value: tor
",,,,,,,,,
"2021/05/11 13:45:16","7. klasse",Dansk,Nej,Nej,1,,"name: afstand, value: afstand
",,,,"name: automatisk, value: automatisk
",,,,,,,,"name: bjerg, value: bjerg
",,,,,,,,,"name: brugt, value: brugt
",,,,"name: chance, value: chanse
",,,,,,,,,,,"name: drejede, value: drejede
",,,,,,"name: ekstra, value: ekstra
",,,,,,,"name: filmene, value: filmene
",,,,,,,,,,"name: foregaa, value: forgå
",,,,"name: forsoeg, value: forsøg
",,,,,,"name: gavn, value: gavn
",,,,,,,"name: grimt, value: grimt
",,,,,,,,,,,,,,,,,"name: hvordan, value: hvordan
",,,,,,"name: irritere, value: irritere
",,,,,,,"name: konklusion, value: konklusion
",,,,,,,,"name: kvinde, value: kvinde
",,,,,,,,,,,,,,,,,,,,,"name: motto, value: morto
",,,,,,,"name: offentlige, value: offentlige
",,,,,,,,,,,,,"name: pludselig, value: pludselig
",,,,,"name: psykisk, value: psygisk
",,,,,,,,,,"name: sagtens, value: sagtens
",,,,,,"name: selvfoelgelig, value: selvfølgelig
",,,,,"name: silke, value: silke
",,,,,,,"name: slags, value: slags
",,,,,,,,,"name: snuppe, value: snubbe
",,,,,,,,"name: spoergsmaal, value: spørgsmål
",,,,,,,"name: straekke, value: strække
",,,,,"name: svajede, value: svajede
",,,,,,,,,,"name: tekst, value: tekst
",,,,,,"name: tradition, value: tradition
",,,,,,,,"name: tvaers, value: tværs
",,,,"name: vaerst, value: værst
",,,,,,,
"2021/05/11 13:43:53","7. klasse",Færøsk,Nej,Nej,6,,,,,"name: apparat, value: apparat
",,,,,,,,"name: bevaege, value: bevæge
",,,,,,,,,"name: bruge, value: bruge
",,,,"name: camping, value: camping
",,,,,,,,"name: diskussion, value: diskution
",,,,,,,,"name: eftermiddag, value: eftermiddag
",,,,,"name: enkelt, value: enkelt
",,,,,,,,,,"name: flytte, value: flytte
",,,,,,"name: forklarer, value: forklarer
",,,,,,,"name: fremragende, value: fremragende
",,,,,"name: glatte, value: glatte
",,,,,,,,,,,,,,,,,,"name: hurtig, value: hurtig
",,,,,,,"name: indsats, value: indsats
",,,,,,"name: knytte, value: knytte
",,,,"name: kraeve, value: kræve
",,,,,,,,,,,,,,,,,,,,,"name: mennesker, value: mennesker
",,,,,,,,"name: naermer, value: nærmer
",,,"name: oejne, value: øjne
",,,,,,,,,"name: passager, value: passager
",,,,,,,,,,"name: projekt, value: projekt
",,,,,,,,,"name: ryggen, value: ryggen
",,,,,"name: scenen, value: scenen
",,,,,,,"name: sikre, value: sikkre
",,,,,,,"name: skubbede, value: skubbede
",,,,,"name: smerte, value: smærte
",,,,,,,,,"name: speciel, value: speciel
",,,,,,,,,,,,"name: straks, value: straks
",,"name: succes, value: succes
",,,,,,,"name: sygdomme, value: sygdomme
",,,,,,,"name: tilskuere, value: tilskuere
",,,,,,,,,,,"name: traadte, value: trådte
",,,,,,,,,,"name: vidste, value: vidste
",,
"2021/05/11 13:43:36","7. klasse",Dansk,Nej,Nej,3,,,,"name: akkurat, value: akkurat
",,,,,,,"name: benzin, value: benzin
",,,,,,"name: blank, value: blank
",,,,,,,,"name: brylluppet, value: brylluppet
",,,,,,,"name: design, value: design 
",,,"name: doegn, value: døgn
",,,,,,,,,,,"name: engelsk, value: Engelsk
",,,,,,,,"name: fjernet, value: fjernet
",,,,,,,,"name: forhold, value: forhold
",,,,,"name: fortjene, value: fortælle
",,,,,,"name: gevinst, value: gevinst 
",,,,,,,,,,,,,,,"name: hjoerne, value: hjørne
",,,,,,,,,,"name: imponere, value: imponere
",,,,,"name: kampagne, value: kampagne
",,,,,,"name: korrekt, value: korrekt
",,,,,,,,,,,,,,,,"name: lyspunkt, value: lyspunkt
",,,,,,,,,,,,,,,,"name: nogen, value: nogen
","name: oejne, value: øjne
",,,,,,,"name: ordsprog, value: ordsprog
",,,,,,,,,"name: point, value: point
",,,,,,,,,"name: regn, value: regn
",,,,,,,"name: samarbejde, value: samarbejde 
",,,,,,"name: show, value: pas der er dårlig lyd
",,,,,,"name: skrevet, value: skrevet
",,,,,,"name: slette, value: slette
",,,,,,,,,"name: solgt, value: solgt
",,,,,,,,,"name: staerk, value: stærk
","name: stakkels, value: stakkels
",,,,,,,,,,"name: svensk, value: svensk
",,,,,,,,,"name: tidligere, value: tidligere
",,,,,,,,,,"name: travl, value: travl
",,,,,"name: taarer, value: tåre
",,,,,,,,,
"2021/05/11 13:43:18","7. klasse",Dansk,Nej,Nej,2,,"name: afstand, value: afstand 
",,,,"name: automatisk, value: automatisk
",,,,,,,,"name: bjerg, value: bjerg
",,,,,,,,,"name: brugt, value: brugt
",,,,"name: chance, value: chance 
",,,,,,,,,,,"name: drejede, value: drejede 
",,,,,,"name: ekstra, value: ekstra 
",,,,,,,"name: filmene, value: Filmen 
",,,,,,,,,,"name: foregaa, value: forgå 
",,,,"name: forsoeg, value: forsøg
",,,,,,"name: gavn, value: gavn
",,,,,,,"name: grimt, value: grimt
",,,,,,,,,,,,,,,,,"name: hvordan, value: Hvordan 
",,,,,,"name: irritere, value: irritere 
",,,,,,,"name: konklusion, value: konklusion 
",,,,,,,,"name: kvinde, value: kvinde
",,,,,,,,,,,,,,,,,,,,,"name: motto, value: motto 
",,,,,,,"name: offentlige, value: offentlige 
",,,,,,,,,,,,,"name: pludselig, value: Pludselig 
",,,,,"name: psykisk, value: psykisk 
",,,,,,,,,,"name: sagtens, value: sagtens 
",,,,,,"name: selvfoelgelig, value: Selvfølgelig 
",,,,,"name: silke, value: slikke 
",,,,,,,"name: slags, value: slags 
",,,,,,,,,"name: snuppe, value: snubbe 
",,,,,,,,"name: spoergsmaal, value: spørgsmål 
",,,,,,,"name: straekke, value: strække 
",,,,,"name: svajede, value: svajede 
",,,,,,,,,,"name: tekst, value: tekst
",,,,,,"name: tradition, value: tradition 
",,,,,,,,"name: tvaers, value: tværs 
",,,,"name: vaerst, value: Værst
",,,,,,,
"2021/05/11 13:43:09","7. klasse",Dansk,Nej,Nej,4,,,,"name: akkurat, value: akurart
",,,,,,,"name: benzin, value: benzin
",,,,,,"name: blank, value: blank
",,,,,,,,"name: brylluppet, value: brylluppet
",,,,,,,"name: design, value: design
",,,"name: doegn, value: døgn
",,,,,,,,,,,"name: engelsk, value: engelsk
",,,,,,,,"name: fjernet, value: fjernet
",,,,,,,,"name: forhold, value: forehold
",,,,,"name: fortjene, value: fortjene
",,,,,,"name: gevinst, value: gevindst
",,,,,,,,,,,,,,,"name: hjoerne, value: hjørne
",,,,,,,,,,"name: imponere, value: imponere
",,,,,"name: kampagne, value: kampagne
",,,,,,"name: korrekt, value: korrekt
",,,,,,,,,,,,,,,,"name: lyspunkt, value: lyspunkt
",,,,,,,,,,,,,,,,"name: nogen, value: nogen
","name: oejne, value: øjne
",,,,,,,"name: ordsprog, value: ordsprog
",,,,,,,,,"name: point, value: points
",,,,,,,,,"name: regn, value: regn
",,,,,,,"name: samarbejde, value: sammarbejde
",,,,,,"name: show, value: sony
",,,,,,"name: skrevet, value: skrevet
",,,,,,"name: slette, value: sætte
",,,,,,,,,"name: solgt, value: solgt
",,,,,,,,,"name: staerk, value: stærk
","name: stakkels, value: stakkels
",,,,,,,,,,"name: svensk, value: svensk
",,,,,,,,,"name: tidligere, value: tidligere
",,,,,,,,,,"name: travl, value: travl
",,,,,"name: taarer, value: tåre
",,,,,,,,,
"2021/05/11 13:42:30","7. klasse",Dansk,Nej,Nej,2,,"name: afstand, value: afstand
",,,,"name: automatisk, value: automatisk
",,,,,,,,"name: bjerg, value: bjerg
",,,,,,,,,"name: brugt, value: brugt
",,,,"name: chance, value: chance
",,,,,,,,,,,"name: drejede, value: drejede
",,,,,,"name: ekstra, value: ekstra
",,,,,,,"name: filmene, value: Filmene
",,,,,,,,,,"name: foregaa, value: foregå
",,,,"name: forsoeg, value: forsøg
",,,,,,"name: gavn, value: gavn
",,,,,,,"name: grimt, value: grimt
",,,,,,,,,,,,,,,,,"name: hvordan, value: Hvordan
",,,,,,"name: irritere, value: irretere 
",,,,,,,"name: konklusion, value: konklusion
",,,,,,,,"name: kvinde, value: kvinde
",,,,,,,,,,,,,,,,,,,,,"name: motto, value: motto 
",,,,,,,"name: offentlige, value: offentlige
",,,,,,,,,,,,,"name: pludselig, value: Pludselig
",,,,,"name: psykisk, value: psykisk
",,,,,,,,,,"name: sagtens, value: saktens
",,,,,,"name: selvfoelgelig, value: Selfølgelig
",,,,,"name: silke, value: silke
",,,,,,,"name: slags, value: slags
",,,,,,,,,"name: snuppe, value: snuppe
",,,,,,,,"name: spoergsmaal, value: spørgelsmål
",,,,,,,"name: straekke, value: strejke
",,,,,"name: svajede, value: svajede
",,,,,,,,,,"name: tekst, value: text
",,,,,,"name: tradition, value: tradition
",,,,,,,,"name: tvaers, value: tværs
",,,,"name: vaerst, value: Værst
",,,,,,,
"2021/05/11 13:42:21","7. klasse",Dansk,Nej,Nej,4,,,,"name: akkurat, value: arkuret
",,,,,,,"name: benzin, value: benzin
",,,,,,"name: blank, value: blank
",,,,,,,,"name: brylluppet, value: bryllopet
",,,,,,,"name: design, value: design
",,,"name: doegn, value: døgn
",,,,,,,,,,,"name: engelsk, value: engelsk
",,,,,,,,"name: fjernet, value: fjernt
",,,,,,,,"name: forhold, value: forhold
",,,,,"name: fortjene, value: fortjene
",,,,,,"name: gevinst, value: gevindst
",,,,,,,,,,,,,,,"name: hjoerne, value: hjørne
",,,,,,,,,,"name: imponere, value: imponere
",,,,,"name: kampagne, value: kampenge
",,,,,,"name: korrekt, value: korekkt
",,,,,,,,,,,,,,,,"name: lyspunkt, value: lyspunkt
",,,,,,,,,,,,,,,,"name: nogen, value: nogen
","name: oejne, value: øjne
",,,,,,,"name: ordsprog, value: ordsprog
",,,,,,,,,"name: point, value: point
",,,,,,,,,"name: regn, value: regn
",,,,,,,"name: samarbejde, value: sammabejde
",,,,,,"name: show, value: show
",,,,,,"name: skrevet, value: skrevet
",,,,,,"name: slette, value: slette
",,,,,,,,,"name: solgt, value: solgt
",,,,,,,,,"name: staerk, value: stærk
","name: stakkels, value: stakkelse
",,,,,,,,,,"name: svensk, value: svensk
",,,,,,,,,"name: tidligere, value: tidligere
",,,,,,,,,,"name: travl, value: travl
",,,,,"name: taarer, value: tåre
",,,,,,,,,
"2021/05/11 13:41:40","7. klasse",Dansk,Nej,Nej,3,,,,"name: akkurat, value: akurat
",,,,,,,"name: benzin, value: benzin
",,,,,,"name: blank, value: blank
",,,,,,,,"name: brylluppet, value: brylluppet 
",,,,,,,"name: design, value: design
",,,"name: doegn, value: døgn
",,,,,,,,,,,"name: engelsk, value: engelsk
",,,,,,,,"name: fjernet, value: fjernet
",,,,,,,,"name: forhold, value: forhold
",,,,,"name: fortjene, value: fortjene
",,,,,,"name: gevinst, value: gevindst 
",,,,,,,,,,,,,,,"name: hjoerne, value: hjørne
",,,,,,,,,,"name: imponere, value: imponere 
",,,,,"name: kampagne, value: kampagne
",,,,,,"name: korrekt, value: korrrekt
",,,,,,,,,,,,,,,,"name: lyspunkt, value: lyspunkt
",,,,,,,,,,,,,,,,"name: nogen, value: nogen
","name: oejne, value: øjne
",,,,,,,"name: ordsprog, value: ordsprog
",,,,,,,,,"name: point, value: point
",,,,,,,,,"name: regn, value: regn
",,,,,,,"name: samarbejde, value: samarbejde 
",,,,,,"name: show, value: sony
",,,,,,"name: skrevet, value: skrevet 
",,,,,,"name: slette, value: slette
",,,,,,,,,"name: solgt, value: solgt
",,,,,,,,,"name: staerk, value: stærk
","name: stakkels, value: stakkels
",,,,,,,,,,"name: svensk, value: svensk
",,,,,,,,,"name: tidligere, value: tidligere
",,,,,,,,,,"name: travl, value: travl
",,,,,"name: taarer, value: tårer
",,,,,,,,,
"2021/05/11 13:41:15","7. klasse",Dansk,Nej,Nej,3,,,,"name: akkurat, value: akkurat
",,,,,,,"name: benzin, value: benzin
",,,,,,"name: blank, value: blank
",,,,,,,,"name: brylluppet, value: bryllupet
",,,,,,,"name: design, value: design
",,,"name: doegn, value: døgn
",,,,,,,,,,,"name: engelsk, value: engelsk
",,,,,,,,"name: fjernet, value: fjernet
",,,,,,,,"name: forhold, value: forhold
",,,,,"name: fortjene, value: fortjene
",,,,,,"name: gevinst, value: gevinst
",,,,,,,,,,,,,,,"name: hjoerne, value: hjørne
",,,,,,,,,,"name: imponere, value: imponere
",,,,,"name: kampagne, value: kampagne
",,,,,,"name: korrekt, value: korrekt
",,,,,,,,,,,,,,,,"name: lyspunkt, value: lyspunkt
",,,,,,,,,,,,,,,,"name: nogen, value: nogen
","name: oejne, value: øjne
",,,,,,,"name: ordsprog, value: ordsprog
",,,,,,,,,"name: point, value: point
",,,,,,,,,"name: regn, value: regn
",,,,,,,"name: samarbejde, value: samarbejde
",,,,,,"name: show, value: show
",,,,,,"name: skrevet, value: skrevet
",,,,,,"name: slette, value: slette
",,,,,,,,,"name: solgt, value: solgt
",,,,,,,,,"name: staerk, value: stærk
","name: stakkels, value: stakkels
",,,,,,,,,,"name: svensk, value: svensk
",,,,,,,,,"name: tidligere, value: tidligere
",,,,,,,,,,"name: travl, value: travl
",,,,,"name: taarer, value: tårer
",,,,,,,,,
"2021/05/11 13:41:06","7. klasse",Dansk,Nej,Nej,6,,,,,"name: apparat, value: apparat
",,,,,,,,"name: bevaege, value: bevæge
",,,,,,,,,"name: bruge, value: bruge
",,,,"name: camping, value: camping
",,,,,,,,"name: diskussion, value: diskution
",,,,,,,,"name: eftermiddag, value: eftermiddag
",,,,,"name: enkelt, value: enkelt
",,,,,,,,,,"name: flytte, value: flytte
",,,,,,"name: forklarer, value: forklarer
",,,,,,,"name: fremragende, value: fremragende
",,,,,"name: glatte, value: glatte
",,,,,,,,,,,,,,,,,,"name: hurtig, value: hurtig
",,,,,,,"name: indsats, value: indsats
",,,,,,"name: knytte, value: knytte
",,,,"name: kraeve, value: kræve
",,,,,,,,,,,,,,,,,,,,,"name: mennesker, value: mennesker
",,,,,,,,"name: naermer, value: nærmer
",,,"name: oejne, value: øjne
",,,,,,,,,"name: passager, value: passager
",,,,,,,,,,"name: projekt, value: projekt
",,,,,,,,,"name: ryggen, value: ryggen
",,,,,"name: scenen, value: scenen
",,,,,,,"name: sikre, value: sikre
",,,,,,,"name: skubbede, value: skubbede
",,,,,"name: smerte, value: smerte
",,,,,,,,,"name: speciel, value: speciel
",,,,,,,,,,,,"name: straks, value: straks
",,"name: succes, value: succes
",,,,,,,"name: sygdomme, value: sygdomme
",,,,,,,"name: tilskuere, value: tilskuere 
",,,,,,,,,,,"name: traadte, value: trådte
",,,,,,,,,,"name: vidste, value: vidste
",,
"2021/05/11 13:40:47","7. klasse",Dansk,Ja,Nej,6,,,,,"name: apparat, value: abarat
",,,,,,,,"name: bevaege, value: bevæge
",,,,,,,,,"name: bruge, value: bruge
",,,,"name: camping, value: kamping
",,,,,,,,"name: diskussion, value: diskution
",,,,,,,,"name: eftermiddag, value: eftermidag
",,,,,"name: enkelt, value: engkelt
",,,,,,,,,,"name: flytte, value: flydte
",,,,,,"name: forklarer, value: forklarer
",,,,,,,"name: fremragende, value: ffremrevende
",,,,,"name: glatte, value: glate
",,,,,,,,,,,,,,,,,,"name: hurtig, value: hurtig
",,,,,,,"name: indsats, value: indsats
",,,,,,"name: knytte, value: knytte
",,,,"name: kraeve, value: kreve
",,,,,,,,,,,,,,,,,,,,,"name: mennesker, value: menensker
",,,,,,,,"name: naermer, value: nærmer
",,,"name: oejne, value: øjne
",,,,,,,,,"name: passager, value: passasgere
",,,,,,,,,,"name: projekt, value: prosjegekt
",,,,,,,,,"name: ryggen, value: ryggen
",,,,,"name: scenen, value: senden
",,,,,,,"name: sikre, value: sikre
",,,,,,,"name: skubbede, value: skubede
",,,,,"name: smerte, value: smerte
",,,,,,,,,"name: speciel, value: spishel
",,,,,,,,,,,,"name: straks, value: straks
",,"name: succes, value: sykse
",,,,,,,"name: sygdomme, value: sydomme
",,,,,,,"name: tilskuere, value: tilskurer
",,,,,,,,,,,"name: traadte, value: tråtte
",,,,,,,,,,"name: vidste, value: hviste
",,
"2021/05/11 13:40:33","7. klasse",Dansk,Nej,Nej,2,,"name: afstand, value: afstand
",,,,"name: automatisk, value: automatisk
",,,,,,,,"name: bjerg, value: bjerg
",,,,,,,,,"name: brugt, value: brugt
",,,,"name: chance, value: chance
",,,,,,,,,,,"name: drejede, value: drejede
",,,,,,"name: ekstra, value: ekstra
",,,,,,,"name: filmene, value: filmene
",,,,,,,,,,"name: foregaa, value: forgå
",,,,"name: forsoeg, value: forsøg
",,,,,,"name: gavn, value: gavn
",,,,,,,"name: grimt, value: grimt
",,,,,,,,,,,,,,,,,"name: hvordan, value: hvordan
",,,,,,"name: irritere, value: iriterre
",,,,,,,"name: konklusion, value: konklusion
",,,,,,,,"name: kvinde, value: kvinde
",,,,,,,,,,,,,,,,,,,,,"name: motto, value: moto
",,,,,,,"name: offentlige, value: ofentlige
",,,,,,,,,,,,,"name: pludselig, value: pludselig
",,,,,"name: psykisk, value: sykisk
",,,,,,,,,,"name: sagtens, value: saktens
",,,,,,"name: selvfoelgelig, value: selvføllige
",,,,,"name: silke, value: silke
",,,,,,,"name: slags, value: slags
",,,,,,,,,"name: snuppe, value: snuppe
",,,,,,,,"name: spoergsmaal, value: spørgsmål
",,,,,,,"name: straekke, value: strække
",,,,,"name: svajede, value: svajede
",,,,,,,,,,"name: tekst, value: tekst
",,,,,,"name: tradition, value: tradotion
",,,,,,,,"name: tvaers, value: tværs
",,,,"name: vaerst, value: Værst
",,,,,,,
"2021/05/11 13:39:43","7. klasse",Dansk,Nej,Nej,4,,,,"name: akkurat, value: aguart
",,,,,,,"name: benzin, value: benzin
",,,,,,"name: blank, value: blank
",,,,,,,,"name: brylluppet, value: bryllupet
",,,,,,,"name: design, value: design
",,,"name: doegn, value: døgn
",,,,,,,,,,,"name: engelsk, value: engelsk
",,,,,,,,"name: fjernet, value: fjernet
",,,,,,,,"name: forhold, value: forhold
",,,,,"name: fortjene, value: fortjene
",,,,,,"name: gevinst, value: gevinst
",,,,,,,,,,,,,,,"name: hjoerne, value: hjørne
",,,,,,,,,,"name: imponere, value: impunere
",,,,,"name: kampagne, value: kampange
",,,,,,"name: korrekt, value: korrekt
",,,,,,,,,,,,,,,,"name: lyspunkt, value: lyspunkt
",,,,,,,,,,,,,,,,"name: nogen, value: nogen
","name: oejne, value: øjne
",,,,,,,"name: ordsprog, value: ordsprog
",,,,,,,,,"name: point, value: point
",,,,,,,,,"name: regn, value: regn
",,,,,,,"name: samarbejde, value: samarbejde
",,,,,,"name: show, value: pas
",,,,,,"name: skrevet, value: skrevet
",,,,,,"name: slette, value: slette
",,,,,,,,,"name: solgt, value: solgt
",,,,,,,,,"name: staerk, value: stærk
","name: stakkels, value: stakkels
",,,,,,,,,,"name: svensk, value: svensk
",,,,,,,,,"name: tidligere, value: tideligere
",,,,,,,,,,"name: travl, value: travl
",,,,,"name: taarer, value: tåre
",,,,,,,,,
"2021/05/11 13:39:09","7. klasse",Dansk,Nej,Nej,2,,"name: afstand, value: afstand
",,,,"name: automatisk, value: automatisk
",,,,,,,,"name: bjerg, value: bjerg
",,,,,,,,,"name: brugt, value: Brugt
",,,,"name: chance, value: chance
",,,,,,,,,,,"name: drejede, value: drejede
",,,,,,"name: ekstra, value: extra
",,,,,,,"name: filmene, value: Filmene
",,,,,,,,,,"name: foregaa, value: forgå
",,,,"name: forsoeg, value: forsøg
",,,,,,"name: gavn, value: gavn
",,,,,,,"name: grimt, value: grimt
",,,,,,,,,,,,,,,,,"name: hvordan, value: Hvordan
",,,,,,"name: irritere, value: irritere
",,,,,,,"name: konklusion, value: konklution
",,,,,,,,"name: kvinde, value: kvinde
",,,,,,,,,,,,,,,,,,,,,"name: motto, value: motto
",,,,,,,"name: offentlige, value: offentlige
",,,,,,,,,,,,,"name: pludselig, value: pludselig
",,,,,"name: psykisk, value: psykisk
",,,,,,,,,,"name: sagtens, value: sagtens
",,,,,,"name: selvfoelgelig, value: selføgelig
",,,,,"name: silke, value: silke
",,,,,,,"name: slags, value: slags
",,,,,,,,,"name: snuppe, value: snuppe
",,,,,,,,"name: spoergsmaal, value: spøgsmål
",,,,,,,"name: straekke, value: strække
",,,,,"name: svajede, value: svajede
",,,,,,,,,,"name: tekst, value: tekst
",,,,,,"name: tradition, value: tradition
",,,,,,,,"name: tvaers, value: tvers
",,,,"name: vaerst, value: værst
",,,,,,,
"2021/05/11 13:38:38","5. klasse",Dansk,Nej,Nej,5,,,,,,,,,,"name: begynde, value: begynde
",,,,,,,,,,,,"name: bruge, value: bruge 
",,,,,,"name: chok, value: chok 
",,,,,,,"name: doegn, value: døgn 
","name: drage, value: drage 
",,,,,,,,"name: ekstra, value: ekstra 
",,,,,,,,,"name: fjernede, value: fjernede 
",,,,,,,,"name: foregaa, value: forgå 
",,,,,"name: fortalt, value: fortalt 
",,,,,,,,"name: glasset, value: Glasset 
",,,,,,,"name: gaaende, value: gående 
",,,,,,,,,,,"name: hurra, value: Hurra
",,,,,"name: ignorerer, value: ironer 
",,,,"name: irritere, value: irritere 
",,,,"name: knap, value: knap 
",,,,,,,,,,,,"name: kvist, value: kvist 
","name: laege, value: læge 
",,,,,,,,,"name: maerke, value: mærke 
",,,,,,,"name: mission, value: mission 
",,,,,,,,,,,"name: onsdag, value: onsdag 
",,,,,,,,,"name: pege, value: peje 
",,,,,"name: problem, value: problem 
",,,,,,"name: rapport, value: report 
",,,,,,,,,,,,,,"name: selvom, value: selvom 
",,,,,,"name: skifter, value: skifter 
",,,,,,"name: slet, value: slet 
",,,,,,,,,,,,"name: speciel, value: spichel 
",,,"name: spoerg, value: Spørg 
",,,,,,,,,,,"name: succes, value: cyske 
",,,,,,,,,,,,"name: tekst, value: tekst 
",,,,,,,,,"name: traels, value: træls 
",,,,,"name: tvaers, value: tværs 
",,,,,,,,,,"name: zoo, value: zoo
","name: aabent, value: åbent 
"
"2021/05/11 13:38:20","7. klasse",Dansk,Nej,Nej,6,,,,,"name: apparat, value: apperat
",,,,,,,,"name: bevaege, value: bevæge
",,,,,,,,,"name: bruge, value: bruge
",,,,"name: camping, value: camping
",,,,,,,,"name: diskussion, value: diskution
",,,,,,,,"name: eftermiddag, value: eftermiddag
",,,,,"name: enkelt, value: enkelt
",,,,,,,,,,"name: flytte, value: flytte
",,,,,,"name: forklarer, value: forklarer
",,,,,,,"name: fremragende, value: fremragende
",,,,,"name: glatte, value: glatte
",,,,,,,,,,,,,,,,,,"name: hurtig, value: hurtig
",,,,,,,"name: indsats, value: indsats
",,,,,,"name: knytte, value: knytte
",,,,"name: kraeve, value: kræve
",,,,,,,,,,,,,,,,,,,,,"name: mennesker, value: mennesker
",,,,,,,,"name: naermer, value: nærmer
",,,"name: oejne, value: øjne
",,,,,,,,,"name: passager, value: passager
",,,,,,,,,,"name: projekt, value: projekt
",,,,,,,,,"name: ryggen, value: ryggen
",,,,,"name: scenen, value: scenen
",,,,,,,"name: sikre, value: sikre
",,,,,,,"name: skubbede, value: skubbede
",,,,,"name: smerte, value: smerte
",,,,,,,,,"name: speciel, value: speciel
",,,,,,,,,,,,"name: straks, value: straks
",,"name: succes, value: succes
",,,,,,,"name: sygdomme, value: sygdomme
",,,,,,,"name: tilskuere, value: tilskuere
",,,,,,,,,,,"name: traadte, value: trådte
",,,,,,,,,,"name: vidste, value: vidste
",,
"2021/05/11 13:36:14","7. klasse",Dansk,Nej,Nej,3,,,,"name: akkurat, value: akkurat 
",,,,,,,"name: benzin, value: benzin
",,,,,,"name: blank, value: blank
",,,,,,,,"name: brylluppet, value: bryluppet
",,,,,,,"name: design, value: design
",,,"name: doegn, value: døgn
",,,,,,,,,,,"name: engelsk, value: engelsk
",,,,,,,,"name: fjernet, value: fjernet
",,,,,,,,"name: forhold, value: forhold
",,,,,"name: fortjene, value: fortjene
",,,,,,"name: gevinst, value: gevinst 
",,,,,,,,,,,,,,,"name: hjoerne, value: hjørne
",,,,,,,,,,"name: imponere, value: imponere
",,,,,"name: kampagne, value: kampagne 
",,,,,,"name: korrekt, value: korrekt
",,,,,,,,,,,,,,,,"name: lyspunkt, value: lyspunkt
",,,,,,,,,,,,,,,,"name: nogen, value: nogen
","name: oejne, value: øjne
",,,,,,,"name: ordsprog, value: ordsprog
",,,,,,,,,"name: point, value: point
",,,,,,,,,"name: regn, value: regn
",,,,,,,"name: samarbejde, value: samarbejde 
",,,,,,"name: show, value: show
",,,,,,"name: skrevet, value: skrevet
",,,,,,"name: slette, value: slette
",,,,,,,,,"name: solgt, value: solgt
",,,,,,,,,"name: staerk, value: stærk
","name: stakkels, value: stakkels 
",,,,,,,,,,"name: svensk, value: svensk
",,,,,,,,,"name: tidligere, value: tidligere
",,,,,,,,,,"name: travl, value: travl
",,,,,"name: taarer, value: tårer
",,,,,,,,,
"2021/05/11 13:34:53","7. klasse",Dansk,Nej,Nej,1,,"name: afstand, value: afstand
",,,,"name: automatisk, value: automatisk
",,,,,,,,"name: bjerg, value: bjerg
",,,,,,,,,"name: brugt, value: brugt
",,,,"name: chance, value: chance
",,,,,,,,,,,"name: drejede, value: drejede
",,,,,,"name: ekstra, value: ekstra
",,,,,,,"name: filmene, value: filmene
",,,,,,,,,,"name: foregaa, value: foregå
",,,,"name: forsoeg, value: forsøg
",,,,,,"name: gavn, value: gavn
",,,,,,,"name: grimt, value: grimt
",,,,,,,,,,,,,,,,,"name: hvordan, value: hvordan
",,,,,,"name: irritere, value: irritere
",,,,,,,"name: konklusion, value: konklusion
",,,,,,,,"name: kvinde, value: kvinde
",,,,,,,,,,,,,,,,,,,,,"name: motto, value: motto
",,,,,,,"name: offentlige, value: offentlige
",,,,,,,,,,,,,"name: pludselig, value: Pludselig
",,,,,"name: psykisk, value: psykisk
",,,,,,,,,,"name: sagtens, value: sagtens
",,,,,,"name: selvfoelgelig, value: selvfølgelig
",,,,,"name: silke, value: silke
",,,,,,,"name: slags, value: slags
",,,,,,,,,"name: snuppe, value: snuppe
",,,,,,,,"name: spoergsmaal, value: spørgesmål
",,,,,,,"name: straekke, value: strække
",,,,,"name: svajede, value: svejede
",,,,,,,,,,"name: tekst, value: tekst
",,,,,,"name: tradition, value: tradition
",,,,,,,,"name: tvaers, value: tværs
",,,,"name: vaerst, value: værst
",,,,,,,
"2021/05/10 10:28:19","3. klasse",Dansk,Nej,Nej,3,,,,,,,,"name: bank, value: Bank
",,,,,,,,,,,"name: bog, value: Bog
",,,,,,,,,,,"name: dansk, value: Dansk
",,,,,,,,,"name: dreng, value: Dreng
",,,,,,,,,,"name: film, value: Film
",,,,,,,"name: flest, value: Flest
",,"name: foerst, value: Først
",,,,,,,,,,,,,,,,,,,,,,"name: grund, value: Grund
",,,"name: hals, value: Hals
",,,,,,"name: hoejere, value: Højere
",,"name: holde, value: Holde
",,,,,,,,,,,,,,"name: knap, value: Knap
",,,,,,,,,"name: kurs, value: Kurs
",,,,,,"name: laerere, value: Lære
",,,"name: ligger, value: Ligger
",,,,,,,,,"name: mens, value: Mens
",,,"name: moerk, value: Mørk
",,,,,,,,,,,"name: oppe, value: Oppe
",,,,,,"name: passe, value: Passe
",,,,,,,,"name: proeve, value: Prøve
",,,,"name: raekke, value: Række
",,,,,,,,,,,,"name: seks, value: Seks
",,,,,,,,,,,,"name: skrive, value: Skrive
",,,,,,,"name: smuk, value: Smuk
",,,,,,,,,"name: spille, value: Spille
",,,,,,,,,"name: store, value: Store
",,,,,,,,,"name: syg, value: Syg
",,,,"name: taenkt, value: Tænkt
","name: takt, value: Halen
",,,,,"name: tjener, value: Har
",,,,,,,,,"name: tryk, value: Tryk
",,,"name: tvivl, value: Tvivl
",,,,,,,,,,
"2021/05/10 10:28:07","3. klasse",,Nej,Nej,2,,,"name: aftale, value: Aftale 
",,,,,,,,,,,,,,,"name: blive, value: Bli
",,,"name: brevene, value: Bravene
",,,,,,,,,,,,"name: dig, value: Dig
",,,,,,,,,,,,,,,"name: falsk, value: Falsk
",,,,,"name: fjernede, value: Fjernede
",,,,,,,,,,,,,,,,"name: frem, value: Fram
",,,,,,,,"name: godt, value: Godt
",,,,,"name: haft, value: Haft
",,,,,"name: hjem, value: Hjem
",,,,,,,"name: hvis, value: Vis
",,,,,,,,,,"name: klubben, value: Klupen
",,,"name: koerer, value: Kør
",,,,,,"name: kunst, value: Kunst
",,,,,"name: laege, value: Ville
",,,,,,,,"name: maelk, value: Mælk
",,,,"name: marts, value: Mats
",,,,,,,,,,"name: navn, value: Navn 
",,,,,,,,,,"name: orm, value: Orm
",,,,,"name: plads, value: Plas
",,,,,,,,,,,,,,"name: rude, value: Rod
",,"name: sagt, value: Sagd
",,,,,,,,,,,,,"name: skaffe, value: Skafe
",,,,,,,,,"name: slut, value: Stut
",,,,,,,"name: soege, value: Søe
",,"name: sort, value: Sort
",,,,"name: spoerg, value: Spøger 
",,,,,,,,,,,,,,"name: svaret, value: Med
",,,,,,,,,"name: tekst, value: Tekst 
",,,,,"name: tomt, value: Tomt
",,,,,,,,,,,,,,"name: valg, value: Valg
",,"name: vej, value: Vej
",,,,
"2021/05/10 10:27:35","3. klasse",,Nej,Nej,5,,,,,,,,,,,,,,,"name: bjoern, value: Bjoørn
",,,,,"name: brag, value: Brave
",,,,,,,,,,,"name: denne, value: Den
",,,,,,,,,,,,"name: ekko, value: æko
",,,,,,,,,"name: fint, value: Fint
",,,,,,,,"name: fordi, value: Fordi
",,,,,,,,,,,,,,,,"name: glemme, value: Glemme
",,,,,"name: gaaende, value: Gåne
",,,,"name: helt, value: Helte
",,,,,"name: hoere, value: Lave
",,"name: hurra, value: Hura
",,,,,,,,,,,,,,,,,,,"name: krig, value: Krig
",,,,"name: kvart, value: Kvat
",,,,,,,,,"name: lotto, value: Iåto
",,,,"name: maj, value: Maj
",,,,,"name: middag, value: Meda
",,,,,"name: maatte, value: Mådte
",,,,,"name: oerer, value: Øje
",,,,"name: ord, value: Ord
",,,,,,"name: pause, value: Passe
",,,,,,,,,,,,,"name: rask, value: Rask
",,"name: roeg, value: Røg
",,,,,,,,,"name: selv, value: Selge
",,,,,,,,,,,,,"name: slags, value: Slak
",,,,,,,,"name: snart, value: Snart
",,,,,,,,,,"name: springer, value: Spraner
",,,,,,,,"name: stribe, value: Strepe
",,,,,,,,,"name: synge, value: Synge
",,,"name: tegner, value: Har
",,,,,"name: tog, value: Tog
",,,"name: trae, value: Træ
",,,,,,,,,,"name: uge, value: Uunge
",,,,,,,,
"2021/05/10 09:24:07","3. klasse",,Nej,Nej,5,,,,,,,,,,,,,,,"name: bjoern, value: Bjørn
",,,,,"name: brag, value: Brav 
",,,,,,,,,,,"name: denne, value: Denne 
",,,,,,,,,,,,"name: ekko, value: Eko 
",,,,,,,,,"name: fint, value: Fint
",,,,,,,,"name: fordi, value: Fordi 
",,,,,,,,,,,,,,,,"name: glemme, value: Glemme 
",,,,,"name: gaaende, value: Gående 
",,,,"name: helt, value: Helt 
",,,,,"name: hoere, value: Høre 
",,"name: hurra, value: Hurra 
",,,,,,,,,,,,,,,,,,,"name: krig, value: Krig 
",,,,"name: kvart, value: Kvart
",,,,,,,,,"name: lotto, value: Lotto 
",,,,"name: maj, value: Maj
",,,,,"name: middag, value: Middag 
",,,,,"name: maatte, value: Må
",,,,,"name: oerer, value: Øre 
",,,,"name: ord, value: Ord
",,,,,,"name: pause, value: Pause
",,,,,,,,,,,,,"name: rask, value: Rask 
",,"name: roeg, value: Røg
",,,,,,,,,"name: selv, value: Selv
",,,,,,,,,,,,,"name: slags, value: Slags 
",,,,,,,,"name: snart, value: Snart
",,,,,,,,,,"name: springer, value: Springer 
",,,,,,,,"name: stribe, value: Strippe
",,,,,,,,,"name: synge, value: Synge 
",,,"name: tegner, value: Tegner 
",,,,,"name: tog, value: Tog
",,,"name: trae, value: Træ
",,,,,,,,,,"name: uge, value: Uge
",,,,,,,,
"2021/05/09 11:33:57","3. klasse",,Nej,Nej,6,,,,,,,,,,,,,,,"name: bjoern, value: Bjøen
",,,,,"name: brag, value: Brau
",,,,,,,,,,,"name: denne, value: Denne
",,,,,,,,,,,,"name: ekko, value: Æko
",,,,,,,,,"name: fint, value: Fint
",,,,,,,,"name: fordi, value: Fordi
",,,,,,,,,,,,,,,,"name: glemme, value: Glemme
",,,,,"name: gaaende, value: Gåne
",,,,"name: helt, value: Helt
",,,,,"name: hoere, value: Høre
",,"name: hurra, value: Hura
",,,,,,,,,,,,,,,,,,,"name: krig, value: Kri
",,,,"name: kvart, value: Kvart
",,,,,,,,,"name: lotto, value: Loto
",,,,"name: maj, value: Maj
",,,,,"name: middag, value: Medag
",,,,,"name: maatte, value: Måtte
",,,,,"name: oerer, value: Øre
",,,,"name: ord, value: Ord
",,,,,,"name: pause, value: Pause
",,,,,,,,,,,,,"name: rask, value: Rask
",,"name: roeg, value: Røg
",,,,,,,,,"name: selv, value: Selv
",,,,,,,,,,,,,"name: slags, value: Slaks
",,,,,,,,"name: snart, value: Snart
",,,,,,,,,,"name: springer, value: Pas
",,,,,,,,"name: stribe, value: Pas
",,,,,,,,,"name: synge, value: Se
",,,"name: tegner, value: Har
",,,,,"name: tog, value: To
",,,"name: trae, value: Træ
",,,,,,,,,,"name: uge, value: Uge
",,,,,,,,
"2021/05/07 16:57:19","3. klasse",Dansk,Nej,Nej,1,,,"name: aftale, value: Aftale
",,,,,,,,,,,,,,,"name: blive, value: Blive
",,,"name: brevene, value: Brevene
",,,,,,,,,,,,"name: dig, value: Dig
",,,,,,,,,,,,,,,"name: falsk, value: Falsk
",,,,,"name: fjernede, value: Fjernede
",,,,,,,,,,,,,,,,"name: frem, value: Frem
",,,,,,,,"name: godt, value: Godt
",,,,,"name: haft, value: Haft
",,,,,"name: hjem, value: Hjem
",,,,,,,"name: hvis, value: Hvis
",,,,,,,,,,"name: klubben, value: Klubben
",,,"name: koerer, value: Kører
",,,,,,"name: kunst, value: Kunst
",,,,,"name: laege, value: Lære
",,,,,,,,"name: maelk, value: Mælk
",,,,"name: marts, value: Marts
",,,,,,,,,,"name: navn, value: Navn
",,,,,,,,,,"name: orm, value: Orm
",,,,,"name: plads, value: Plads
",,,,,,,,,,,,,,"name: rude, value: Rude
",,"name: sagt, value: Sagt
",,,,,,,,,,,,,"name: skaffe, value: Skaffe
",,,,,,,,,"name: slut, value: Slut
",,,,,,,"name: soege, value: Søge
",,"name: sort, value: Sort
",,,,"name: spoerg, value: Spørg
",,,,,,,,,,,,,,"name: svaret, value: Svared
",,,,,,,,,"name: tekst, value: Tekst
",,,,,"name: tomt, value: Tomt
",,,,,,,,,,,,,,"name: valg, value: Vand
",,"name: vej, value: Vej
",,,,
"2021/05/07 11:05:04","3. klasse",Dansk,Ja,Nej,4,,,,,,,,"name: bank, value: Bank
",,,,,,,,,,,"name: bog, value: Bog
",,,,,,,,,,,"name: dansk, value: Dansk
",,,,,,,,,"name: dreng, value: Dreg
",,,,,,,,,,"name: film, value: Film
",,,,,,,"name: flest, value: Flest
",,"name: foerst, value: Først
",,,,,,,,,,,,,,,,,,,,,,"name: grund, value: Begrånd
",,,"name: hals, value: Hals
",,,,,,"name: hoejere, value: Håjer
",,"name: holde, value: Hold
",,,,,,,,,,,,,,"name: knap, value: Knap
",,,,,,,,,"name: kurs, value: Kuers
",,,,,,"name: laerere, value: Læger
",,,"name: ligger, value: Ligger
",,,,,,,,,"name: mens, value: Mens
",,,"name: moerk, value: Mørk
",,,,,,,,,,,"name: oppe, value: Oppe
",,,,,,"name: passe, value: Passe
",,,,,,,,"name: proeve, value: Prøver
",,,,"name: raekke, value: Rakke
",,,,,,,,,,,,"name: seks, value: Seks
",,,,,,,,,,,,"name: skrive, value: Skriv
",,,,,,,"name: smuk, value: Smuk
",,,,,,,,,"name: spille, value: Spille
",,,,,,,,,"name: store, value: Stor
",,,,,,,,,"name: syg, value: Syg
",,,,"name: taenkt, value: Tengt
","name: takt, value: Takt
",,,,,"name: tjener, value: Tgener
",,,,,,,,,"name: tryk, value: Tråk
",,,"name: tvivl, value: Tvil
",,,,,,,,,,
"2021/05/07 11:04:48","3. klasse",,Nej,Nej,5,,,,,,,,,,,,,,,"name: bjoern, value: Bjoørn
",,,,,"name: brag, value: Brave
",,,,,,,,,,,"name: denne, value: Den
",,,,,,,,,,,,"name: ekko, value: æko
",,,,,,,,,"name: fint, value: Fint
",,,,,,,,"name: fordi, value: Fordi
",,,,,,,,,,,,,,,,"name: glemme, value: Glemme
",,,,,"name: gaaende, value: Gåne
",,,,"name: helt, value: Helte
",,,,,"name: hoere, value: Lave
",,"name: hurra, value: Hura
",,,,,,,,,,,,,,,,,,,"name: krig, value: Krig
",,,,"name: kvart, value: Kvat
",,,,,,,,,"name: lotto, value: Iåto
",,,,"name: maj, value: Maj
",,,,,"name: middag, value: Meda
",,,,,"name: maatte, value: Mådte
",,,,,"name: oerer, value: Øje
",,,,"name: ord, value: Ord
",,,,,,"name: pause, value: Passe
",,,,,,,,,,,,,"name: rask, value: Rask
",,"name: roeg, value: Røg
",,,,,,,,,"name: selv, value: Selge
",,,,,,,,,,,,,"name: slags, value: Slak
",,,,,,,,"name: snart, value: Snart
",,,,,,,,,,"name: springer, value: Spraner
",,,,,,,,"name: stribe, value: Strepe
",,,,,,,,,"name: synge, value: Synge
",,,"name: tegner, value: Har
",,,,,"name: tog, value: Tog
",,,"name: trae, value: Træ
",,,,,,,,,,"name: uge, value: Uunge
",,,,,,,,
"2021/05/07 11:00:02","3. klasse",,Nej,Nej,6,,,,,,,,,,,,,,,"name: bjoern, value: Bjøen
",,,,,"name: brag, value: Brau
",,,,,,,,,,,"name: denne, value: Denne
",,,,,,,,,,,,"name: ekko, value: Æko
",,,,,,,,,"name: fint, value: Fint
",,,,,,,,"name: fordi, value: Fordi
",,,,,,,,,,,,,,,,"name: glemme, value: Glemme
",,,,,"name: gaaende, value: Gåne
",,,,"name: helt, value: Helt
",,,,,"name: hoere, value: Høre
",,"name: hurra, value: Hura
",,,,,,,,,,,,,,,,,,,"name: krig, value: Kri
",,,,"name: kvart, value: Kvart
",,,,,,,,,"name: lotto, value: Loto
",,,,"name: maj, value: Maj
",,,,,"name: middag, value: Medag
",,,,,"name: maatte, value: Måtte
",,,,,"name: oerer, value: Øre
",,,,"name: ord, value: Ord
",,,,,,"name: pause, value: Pause
",,,,,,,,,,,,,"name: rask, value: Rask
",,"name: roeg, value: Røg
",,,,,,,,,"name: selv, value: Selv
",,,,,,,,,,,,,"name: slags, value: Slaks
",,,,,,,,"name: snart, value: Snart
",,,,,,,,,,"name: springer, value: Pas
",,,,,,,,"name: stribe, value: Pas
",,,,,,,,,"name: synge, value: Se
",,,"name: tegner, value: Har
",,,,,"name: tog, value: To
",,,"name: trae, value: Træ
",,,,,,,,,,"name: uge, value: Uge
",,,,,,,,
"2021/05/07 10:58:11","3. klasse",,Ja,Nej,5,,,,,,,,,,,,,,,"name: bjoern, value: Bjørn
",,,,,"name: brag, value: Brav
",,,,,,,,,,,"name: denne, value: Denne
",,,,,,,,,,,,"name: ekko, value: Æko
",,,,,,,,,"name: fint, value: Find
",,,,,,,,"name: fordi, value: Fordi
",,,,,,,,,,,,,,,,"name: glemme, value: Glemme
",,,,,"name: gaaende, value: Gåne
",,,,"name: helt, value: Helt
",,,,,"name: hoere, value: Høer
",,"name: hurra, value: Hura
",,,,,,,,,,,,,,,,,,,"name: krig, value: Kre
",,,,"name: kvart, value: Kvat
",,,,,,,,,"name: lotto, value: Loto
",,,,"name: maj, value: Maj
",,,,,"name: middag, value: Metdag
",,,,,"name: maatte, value: Må
",,,,,"name: oerer, value: Øer
",,,,"name: ord, value: Ord
",,,,,,"name: pause, value: Parse
",,,,,,,,,,,,,"name: rask, value: Rask
",,"name: roeg, value: Røg
",,,,,,,,,"name: selv, value: Selv
",,,,,,,,,,,,,"name: slags, value: Slaks
",,,,,,,,"name: snart, value: Snat
",,,,,,,,,,"name: springer, value: Sprager
",,,,,,,,"name: stribe, value: Strebe
",,,,,,,,,"name: synge, value: Sygne
",,,"name: tegner, value: Tarner
",,,,,"name: tog, value: To
",,,"name: trae, value: Tæa
",,,,,,,,,,"name: uge, value: Uge
",,,,,,,,
"2021/05/07 10:54:32","3. klasse",,Nej,Nej,5,,,,,,,,,,,,,,,"name: bjoern, value: Bjørn
",,,,,"name: brag, value: Brav 
",,,,,,,,,,,"name: denne, value: Denne 
",,,,,,,,,,,,"name: ekko, value: Eko 
",,,,,,,,,"name: fint, value: Fint
",,,,,,,,"name: fordi, value: Fordi 
",,,,,,,,,,,,,,,,"name: glemme, value: Glemme 
",,,,,"name: gaaende, value: Gående 
",,,,"name: helt, value: Helt 
",,,,,"name: hoere, value: Høre 
",,"name: hurra, value: Hurra 
",,,,,,,,,,,,,,,,,,,"name: krig, value: Krig 
",,,,"name: kvart, value: Kvart
",,,,,,,,,"name: lotto, value: Lotto 
",,,,"name: maj, value: Maj
",,,,,"name: middag, value: Middag 
",,,,,"name: maatte, value: Må
",,,,,"name: oerer, value: Øre 
",,,,"name: ord, value: Ord
",,,,,,"name: pause, value: Pause
",,,,,,,,,,,,,"name: rask, value: Rask 
",,"name: roeg, value: Røg
",,,,,,,,,"name: selv, value: Selv
",,,,,,,,,,,,,"name: slags, value: Slags 
",,,,,,,,"name: snart, value: Snart
",,,,,,,,,,"name: springer, value: Springer 
",,,,,,,,"name: stribe, value: Strippe
",,,,,,,,,"name: synge, value: Synge 
",,,"name: tegner, value: Tegner 
",,,,,"name: tog, value: Tog
",,,"name: trae, value: Træ
",,,,,,,,,,"name: uge, value: Uge
",,,,,,,,
"2021/05/07 10:54:02","3. klasse",,Nej,Nej,4,,,,,,,,"name: bank, value: Bank 
",,,,,,,,,,,"name: bog, value: Bog
",,,,,,,,,,,"name: dansk, value: Dansk
",,,,,,,,,"name: dreng, value: Drang
",,,,,,,,,,"name: film, value: Film
",,,,,,,"name: flest, value: Flest
",,"name: foerst, value: Først
",,,,,,,,,,,,,,,,,,,,,,"name: grund, value: Grund
",,,"name: hals, value: Hals
",,,,,,"name: hoejere, value: Højere 
",,"name: holde, value: Holde 
",,,,,,,,,,,,,,"name: knap, value: Knap 
",,,,,,,,,"name: kurs, value: Kurs 
",,,,,,"name: laerere, value: Leger 
",,,"name: ligger, value: Ligger
",,,,,,,,,"name: mens, value: Mens 
",,,"name: moerk, value: Mørk
",,,,,,,,,,,"name: oppe, value: Oppe
",,,,,,"name: passe, value: Passe
",,,,,,,,"name: proeve, value: Prøve
",,,,"name: raekke, value: Række 
",,,,,,,,,,,,"name: seks, value: Seks 
",,,,,,,,,,,,"name: skrive, value: Skrive
",,,,,,,"name: smuk, value: Smuk 
",,,,,,,,,"name: spille, value: Spille
",,,,,,,,,"name: store, value: Store
",,,,,,,,,"name: syg, value: Syg
",,,,"name: taenkt, value: Tingt
","name: takt, value: Takt
",,,,,"name: tjener, value: Har
",,,,,,,,,"name: tryk, value: Tryk
",,,"name: tvivl, value: Tvivl 
",,,,,,,,,,
"2021/05/07 10:53:38","3. klasse",,Nej,Nej,2,,,"name: aftale, value: Aftale 
",,,,,,,,,,,,,,,"name: blive, value: Bli
",,,"name: brevene, value: Bravene
",,,,,,,,,,,,"name: dig, value: Dig
",,,,,,,,,,,,,,,"name: falsk, value: Falsk
",,,,,"name: fjernede, value: Fjernede
",,,,,,,,,,,,,,,,"name: frem, value: Fram
",,,,,,,,"name: godt, value: Godt
",,,,,"name: haft, value: Haft
",,,,,"name: hjem, value: Hjem
",,,,,,,"name: hvis, value: Vis
",,,,,,,,,,"name: klubben, value: Klupen
",,,"name: koerer, value: Kør
",,,,,,"name: kunst, value: Kunst
",,,,,"name: laege, value: Ville
",,,,,,,,"name: maelk, value: Mælk
",,,,"name: marts, value: Mats
",,,,,,,,,,"name: navn, value: Navn 
",,,,,,,,,,"name: orm, value: Orm
",,,,,"name: plads, value: Plas
",,,,,,,,,,,,,,"name: rude, value: Rod
",,"name: sagt, value: Sagd
",,,,,,,,,,,,,"name: skaffe, value: Skafe
",,,,,,,,,"name: slut, value: Stut
",,,,,,,"name: soege, value: Søe
",,"name: sort, value: Sort
",,,,"name: spoerg, value: Spøger 
",,,,,,,,,,,,,,"name: svaret, value: Med
",,,,,,,,,"name: tekst, value: Tekst 
",,,,,"name: tomt, value: Tomt
",,,,,,,,,,,,,,"name: valg, value: Valg
",,"name: vej, value: Vej
",,,,
"2021/05/07 10:53:26","3. klasse",,Nej,Nej,3,,,,,,,,"name: bank, value: Bank
",,,,,,,,,,,"name: bog, value: Bog
",,,,,,,,,,,"name: dansk, value: Dansk
",,,,,,,,,"name: dreng, value: Dreng
",,,,,,,,,,"name: film, value: Film
",,,,,,,"name: flest, value: Flest
",,"name: foerst, value: Først
",,,,,,,,,,,,,,,,,,,,,,"name: grund, value: Grund 
",,,"name: hals, value: Hals
",,,,,,"name: hoejere, value: Højre
",,"name: holde, value: Holde
",,,,,,,,,,,,,,"name: knap, value: Knap
",,,,,,,,,"name: kurs, value: Kurs
",,,,,,"name: laerere, value: Lærer
",,,"name: ligger, value: Ligger
",,,,,,,,,"name: mens, value: Mens
",,,"name: moerk, value: Mørk
",,,,,,,,,,,"name: oppe, value: Oppe
",,,,,,"name: passe, value: Passe
",,,,,,,,"name: proeve, value: Prøve
",,,,"name: raekke, value: Ratte
",,,,,,,,,,,,"name: seks, value: Seks
",,,,,,,,,,,,"name: skrive, value: Skrive
",,,,,,,"name: smuk, value: Smuk
",,,,,,,,,"name: spille, value: Spille
",,,,,,,,,"name: store, value: Store
",,,,,,,,,"name: syg, value: Syg
",,,,"name: taenkt, value: Tænkt 
","name: takt, value: Takt
",,,,,"name: tjener, value: Tjener
",,,,,,,,,"name: tryk, value: Truk
",,,"name: tvivl, value: Tvivl
",,,,,,,,,,
"2021/05/07 10:53:02","3. klasse",Dansk,Nej,Nej,5,,,,,,,,,,,,,,,"name: bjoern, value: bjørn
",,,,,"name: brag, value: brav
",,,,,,,,,,,"name: denne, value: dene
",,,,,,,,,,,,"name: ekko, value: eko
",,,,,,,,,"name: fint, value: findt
",,,,,,,,"name: fordi, value: fordi
",,,,,,,,,,,,,,,,"name: glemme, value: gleme
",,,,,"name: gaaende, value: gåne
",,,,"name: helt, value: heldt
",,,,,"name: hoere, value: hører
",,"name: hurra, value: hura
",,,,,,,,,,,,,,,,,,,"name: krig, value: krig
",,,,"name: kvart, value: kvrat
",,,,,,,,,"name: lotto, value: loto
",,,,"name: maj, value: maj
",,,,,"name: middag, value: mida
",,,,,"name: maatte, value: mote
",,,,,"name: oerer, value: øer
",,,,"name: ord, value: ord
",,,,,,"name: pause, value: prase
",,,,,,,,,,,,,"name: rask, value: rask
",,"name: roeg, value: røj
",,,,,,,,,"name: selv, value: selv
",,,,,,,,,,,,,"name: slags, value: slarks
",,,,,,,,"name: snart, value: snart
",,,,,,,,,,"name: springer, value: springer
",,,,,,,,"name: stribe, value: støst
",,,,,,,,,"name: synge, value: synge
",,,"name: tegner, value: tenger
",,,,,"name: tog, value: tong
",,,"name: trae, value: træ
",,,,,,,,,,"name: uge, value: unge
",,,,,,,,
"2021/05/07 10:52:44","3. klasse",Dansk,Nej,Nej,2,,,"name: aftale, value: Aftale
",,,,,,,,,,,,,,,"name: blive, value: Blive
",,,"name: brevene, value: Brevene
",,,,,,,,,,,,"name: dig, value: Dig
",,,,,,,,,,,,,,,"name: falsk, value: Falsk
",,,,,"name: fjernede, value: Fjernede
",,,,,,,,,,,,,,,,"name: frem, value: Frem
",,,,,,,,"name: godt, value: Godt
",,,,,"name: haft, value: Haft
",,,,,"name: hjem, value: Hjem
",,,,,,,"name: hvis, value: Hvis
",,,,,,,,,,"name: klubben, value: Klubben
",,,"name: koerer, value: Kører
",,,,,,"name: kunst, value: Kundst
",,,,,"name: laege, value: Læge
",,,,,,,,"name: maelk, value: Mælk
",,,,"name: marts, value: Marts
",,,,,,,,,,"name: navn, value: Navn
",,,,,,,,,,"name: orm, value: Orm
",,,,,"name: plads, value: Plads
",,,,,,,,,,,,,,"name: rude, value: Rude
",,"name: sagt, value: Sagt
",,,,,,,,,,,,,"name: skaffe, value: Skafe
",,,,,,,,,"name: slut, value: Slut
",,,,,,,"name: soege, value: Søge
",,"name: sort, value: Sort
",,,,"name: spoerg, value: Spørg
",,,,,,,,,,,,,,"name: svaret, value: Svaret
",,,,,,,,,"name: tekst, value: Tekst
",,,,,"name: tomt, value: Tomt
",,,,,,,,,,,,,,"name: valg, value: Valg
",,"name: vej, value: Vej
",,,,
"2021/05/07 10:51:58","3. klasse",Dansk,Nej,Nej,1,,,"name: aftale, value: Aftale
",,,,,,,,,,,,,,,"name: blive, value: Blive
",,,"name: brevene, value: Brevene 
",,,,,,,,,,,,"name: dig, value: Dig
",,,,,,,,,,,,,,,"name: falsk, value: Falsk 
",,,,,"name: fjernede, value: Fjernede
",,,,,,,,,,,,,,,,"name: frem, value: Frem
",,,,,,,,"name: godt, value: Godt
",,,,,"name: haft, value: Haft
",,,,,"name: hjem, value: Hjem
",,,,,,,"name: hvis, value: Hvis
",,,,,,,,,,"name: klubben, value: Klubben
",,,"name: koerer, value: Køre
",,,,,,"name: kunst, value: Kunst
",,,,,"name: laege, value: Lære
",,,,,,,,"name: maelk, value: Mælk
",,,,"name: marts, value: Marts
",,,,,,,,,,"name: navn, value: Navn
",,,,,,,,,,"name: orm, value: Orm
",,,,,"name: plads, value: Plads 
",,,,,,,,,,,,,,"name: rude, value: Rude
",,"name: sagt, value: Sagt
",,,,,,,,,,,,,"name: skaffe, value: Skaffe
",,,,,,,,,"name: slut, value: Slut
",,,,,,,"name: soege, value: Søge
",,"name: sort, value: Sort
",,,,"name: spoerg, value: Spørg
",,,,,,,,,,,,,,"name: svaret, value: Svaret
",,,,,,,,,"name: tekst, value: Tekst
",,,,,"name: tomt, value: Tomt
",,,,,,,,,,,,,,"name: valg, value: Vand
",,"name: vej, value: Vej
",,,,
"2021/05/07 10:50:28","3. klasse",Dansk,Nej,Nej,3,,,,,,,,"name: bank, value: Bank
",,,,,,,,,,,"name: bog, value: Bog
",,,,,,,,,,,"name: dansk, value: Dansk
",,,,,,,,,"name: dreng, value: Dreng
",,,,,,,,,,"name: film, value: Film
",,,,,,,"name: flest, value: Flest
",,"name: foerst, value: Først
",,,,,,,,,,,,,,,,,,,,,,"name: grund, value: Grund
",,,"name: hals, value: Hals
",,,,,,"name: hoejere, value: Højere
",,"name: holde, value: Holde
",,,,,,,,,,,,,,"name: knap, value: Knap
",,,,,,,,,"name: kurs, value: Kurs
",,,,,,"name: laerere, value: Lære
",,,"name: ligger, value: Ligger
",,,,,,,,,"name: mens, value: Mens
",,,"name: moerk, value: Mørk
",,,,,,,,,,,"name: oppe, value: Oppe
",,,,,,"name: passe, value: Passe
",,,,,,,,"name: proeve, value: Prøve
",,,,"name: raekke, value: Række
",,,,,,,,,,,,"name: seks, value: Seks
",,,,,,,,,,,,"name: skrive, value: Skrive
",,,,,,,"name: smuk, value: Smuk
",,,,,,,,,"name: spille, value: Spille
",,,,,,,,,"name: store, value: Store
",,,,,,,,,"name: syg, value: Syg
",,,,"name: taenkt, value: Tænkt
","name: takt, value: Halen
",,,,,"name: tjener, value: Har
",,,,,,,,,"name: tryk, value: Tryk
",,,"name: tvivl, value: Tvivl
",,,,,,,,,,
"2021/05/07 10:49:52","3. klasse",Dansk,Nej,Nej,1,,,"name: aftale, value: Aftale
",,,,,,,,,,,,,,,"name: blive, value: Blive
",,,"name: brevene, value: Brevene
",,,,,,,,,,,,"name: dig, value: Dig
",,,,,,,,,,,,,,,"name: falsk, value: Falsk
",,,,,"name: fjernede, value: Fjernede
",,,,,,,,,,,,,,,,"name: frem, value: Frem
",,,,,,,,"name: godt, value: Godt
",,,,,"name: haft, value: Haft
",,,,,"name: hjem, value: Hjem
",,,,,,,"name: hvis, value: Hvis
",,,,,,,,,,"name: klubben, value: Klubben
",,,"name: koerer, value: Kører
",,,,,,"name: kunst, value: Kunst
",,,,,"name: laege, value: Lære
",,,,,,,,"name: maelk, value: Mælk
",,,,"name: marts, value: Marts
",,,,,,,,,,"name: navn, value: Navn
",,,,,,,,,,"name: orm, value: Orm
",,,,,"name: plads, value: Plads
",,,,,,,,,,,,,,"name: rude, value: Rude
",,"name: sagt, value: Sagt
",,,,,,,,,,,,,"name: skaffe, value: Skaffe
",,,,,,,,,"name: slut, value: Slut
",,,,,,,"name: soege, value: Søge
",,"name: sort, value: Sort
",,,,"name: spoerg, value: Spørg
",,,,,,,,,,,,,,"name: svaret, value: Svared
",,,,,,,,,"name: tekst, value: Tekst
",,,,,"name: tomt, value: Tomt
",,,,,,,,,,,,,,"name: valg, value: Vand
",,"name: vej, value: Vej
",,,,
"2021/05/07 10:48:59","3. klasse",Dansk,Nej,Nej,1,,,"name: aftale, value: Aftale
",,,,,,,,,,,,,,,"name: blive, value: Blive
",,,"name: brevene, value: Brevene 
",,,,,,,,,,,,"name: dig, value: Dig
",,,,,,,,,,,,,,,"name: falsk, value: Falsk
",,,,,"name: fjernede, value: Fjernede 
",,,,,,,,,,,,,,,,"name: frem, value: Frem
",,,,,,,,"name: godt, value: Godt
",,,,,"name: haft, value: Haft
",,,,,"name: hjem, value: Hjem
",,,,,,,"name: hvis, value: Vis
",,,,,,,,,,"name: klubben, value: Kluppen 
",,,"name: koerer, value: Kører
",,,,,,"name: kunst, value: Kunst
",,,,,"name: laege, value: Lærer
",,,,,,,,"name: maelk, value: Mælk
",,,,"name: marts, value: Marts 
",,,,,,,,,,"name: navn, value: Navn
",,,,,,,,,,"name: orm, value: Orm
",,,,,"name: plads, value: Plads
",,,,,,,,,,,,,,"name: rude, value: Rude
",,"name: sagt, value: Sagt
",,,,,,,,,,,,,"name: skaffe, value: Skaffe 
",,,,,,,,,"name: slut, value: Slut
",,,,,,,"name: soege, value: Søge
",,"name: sort, value: Sort
",,,,"name: spoerg, value: Spøger
",,,,,,,,,,,,,,"name: svaret, value: Svarede 
",,,,,,,,,"name: tekst, value: Tekst
",,,,,"name: tomt, value: Tomt
",,,,,,,,,,,,,,"name: valg, value: Valg 
",,"name: vej, value: Vej
",,,,
"2021/05/07 10:48:50","3. klasse",,Nej,Nej,5,,,,,,,,,,,,,,,"name: bjoern, value: Bjørn
",,,,,"name: brag, value: brag
",,,,,,,,,,,"name: denne, value: Denne
",,,,,,,,,,,,"name: ekko, value: Æko
",,,,,,,,,"name: fint, value: Fint
",,,,,,,,"name: fordi, value: Fordi
",,,,,,,,,,,,,,,,"name: glemme, value: glemme
",,,,,"name: gaaende, value: Gående
",,,,"name: helt, value: Helt
",,,,,"name: hoere, value: Høre
",,"name: hurra, value: hura
",,,,,,,,,,,,,,,,,,,"name: krig, value: krig
",,,,"name: kvart, value: Kvart
",,,,,,,,,"name: lotto, value: lotto
",,,,"name: maj, value: Maj
",,,,,"name: middag, value: middag
",,,,,"name: maatte, value: må
",,,,,"name: oerer, value: Ører
",,,,"name: ord, value: ord
",,,,,,"name: pause, value: pause
",,,,,,,,,,,,,"name: rask, value: Rast
",,"name: roeg, value: Røg
",,,,,,,,,"name: selv, value: Selv
",,,,,,,,,,,,,"name: slags, value: slaks
",,,,,,,,"name: snart, value: snart
",,,,,,,,,,"name: springer, value: springer
",,,,,,,,"name: stribe, value: Stribe
",,,,,,,,,"name: synge, value: Synge
",,,"name: tegner, value: tegner
",,,,,"name: tog, value: Tog
",,,"name: trae, value: Træ
",,,,,,,,,,"name: uge, value: uge
",,,,,,,,
"2021/05/07 10:48:31","3. klasse",Dansk,Nej,Nej,1,,,"name: aftale, value: Aftale
",,,,,,,,,,,,,,,"name: blive, value: Blive
",,,"name: brevene, value: Brevene 
",,,,,,,,,,,,"name: dig, value: Dig
",,,,,,,,,,,,,,,"name: falsk, value: Falsk
",,,,,"name: fjernede, value: Fjernede 
",,,,,,,,,,,,,,,,"name: frem, value: Frem
",,,,,,,,"name: godt, value: Godt
",,,,,"name: haft, value: Haft
",,,,,"name: hjem, value: Hjem
",,,,,,,"name: hvis, value: Vis
",,,,,,,,,,"name: klubben, value: Kluppen 
",,,"name: koerer, value: Kører
",,,,,,"name: kunst, value: Kunst
",,,,,"name: laege, value: Lærer
",,,,,,,,"name: maelk, value: Mælk
",,,,"name: marts, value: Marts 
",,,,,,,,,,"name: navn, value: Navn
",,,,,,,,,,"name: orm, value: Orm
",,,,,"name: plads, value: Plads
",,,,,,,,,,,,,,"name: rude, value: Rude
",,"name: sagt, value: Sagt
",,,,,,,,,,,,,"name: skaffe, value: Skaffe 
",,,,,,,,,"name: slut, value: Slut
",,,,,,,"name: soege, value: Søge
",,"name: sort, value: Sort
",,,,"name: spoerg, value: Spøger
",,,,,,,,,,,,,,"name: svaret, value: Svarede 
",,,,,,,,,"name: tekst, value: Tekst
",,,,,"name: tomt, value: Tomt
",,,,,,,,,,,,,,"name: valg, value: Valg 
",,"name: vej, value: Vej
",,,,
"2021/03/04 19:08:49","7. klasse",,Nej,Nej,2,,"name: afstand, value: afstand
",,,,"name: automatisk, value: automatisk
",,,,,,,,"name: bjerg, value: bjerg
",,,,,,,,,"name: brugt, value: brugt
",,,,"name: chance, value: chance
",,,,,,,,,,,"name: drejede, value: drejede
",,,,,,"name: ekstra, value: ekstra
",,,,,,,"name: filmene, value: filmene
",,,,,,,,,,"name: foregaa, value: foregå
",,,,"name: forsoeg, value: forsøg
",,,,,,"name: gavn, value: gavn
",,,,,,,"name: grimt, value: grimt
",,,,,,,,,,,,,,,,,"name: hvordan, value: hvordan
",,,,,,"name: irritere, value: irritere
",,,,,,,"name: konklusion, value: konklusion 
",,,,,,,,"name: kvinde, value: kvinde
",,,,,,,,,,,,,,,,,,,,,"name: motto, value: motto
",,,,,,,"name: offentlige, value: offentlige
",,,,,,,,,,,,,"name: pludselig, value: pludselig
",,,,,"name: psykisk, value: psysisk 
",,,,,,,,,,"name: sagtens, value: sagtens
",,,,,,"name: selvfoelgelig, value: selvfølgelig
",,,,,"name: silke, value: silke
",,,,,,,"name: slags, value: slags
",,,,,,,,,"name: snuppe, value: snuppe
",,,,,,,,"name: spoergsmaal, value: spørgsmål
",,,,,,,"name: straekke, value: strække
",,,,,"name: svajede, value: svajede
",,,,,,,,,,"name: tekst, value: tekst
",,,,,,"name: tradition, value: tradition 
",,,,,,,,"name: tvaers, value: tværs
",,,,"name: vaerst, value: værst
",,,,,,,
"2021/03/03 18:38:04","3. klasse",Dansk,Ja,Ja,2,,,"name: aftale, value: arvtale
",,,,,,,,,,,,,,,"name: blive, value: blie
",,,"name: brevene, value: brevene
",,,,,,,,,,,,"name: dig, value: dag
",,,,,,,,,,,,,,,"name: falsk, value: farlsk
",,,,,"name: fjernede, value: fjerned
",,,,,,,,,,,,,,,,"name: frem, value: fram
",,,,,,,,"name: godt, value: got
",,,,,"name: haft, value: haft
",,,,,"name: hjem, value: hjem
",,,,,,,"name: hvis, value: vis
",,,,,,,,,,"name: klubben, value: klupen
",,,"name: koerer, value: køre
",,,,,,"name: kunst, value: konst
",,,,,"name: laege, value: lere
",,,,,,,,"name: maelk, value: melk
",,,,"name: marts, value: mars
",,,,,,,,,,"name: navn, value: narn
",,,,,,,,,,"name: orm, value: orm
",,,,,"name: plads, value: plras
",,,,,,,,,,,,,,"name: rude, value: rode
",,"name: sagt, value: sargt
",,,,,,,,,,,,,"name: skaffe, value: skafe
",,,,,,,,,"name: slut, value: slut
",,,,,,,"name: soege, value: søje
",,"name: sort, value: sort
",,,,"name: spoerg, value: sper
",,,,,,,,,,,,,,"name: svaret, value: sard
",,,,,,,,,"name: tekst, value: test
",,,,,"name: tomt, value: themt
",,,,,,,,,,,,,,"name: valg, value: varl
",,"name: vej, value: varj
",,,,
"2021/03/02 19:02:42","3. klasse",Dansk,Nej,Nej,3,,,,,,,,"name: bank, value: bank
",,,,,,,,,,,"name: bog, value: bog
",,,,,,,,,,,"name: dansk, value: dansk
",,,,,,,,,"name: dreng, value: dreng
",,,,,,,,,,"name: film, value: film
",,,,,,,"name: flest, value: flest
",,"name: foerst, value: først
",,,,,,,,,,,,,,,,,,,,,,"name: grund, value: grund
",,,"name: hals, value: hals
",,,,,,"name: hoejere, value: højer
",,"name: holde, value: holde
",,,,,,,,,,,,,,"name: knap, value: knap
",,,,,,,,,"name: kurs, value: kurse
",,,,,,"name: laerere, value: lærer
",,,"name: ligger, value: ligger
",,,,,,,,,"name: mens, value: mens
",,,"name: moerk, value: mørk
",,,,,,,,,,,"name: oppe, value: oppe
",,,,,,"name: passe, value: passe
",,,,,,,,"name: proeve, value: prøve
",,,,"name: raekke, value: rakke
",,,,,,,,,,,,"name: seks, value: seks
",,,,,,,,,,,,"name: skrive, value: skrive
",,,,,,,"name: smuk, value: smuk
",,,,,,,,,"name: spille, value: spille
",,,,,,,,,"name: store, value: stor
",,,,,,,,,"name: syg, value: syg
",,,,"name: taenkt, value: tænkt
","name: takt, value: takt
",,,,,"name: tjener, value: tjener
",,,,,,,,,"name: tryk, value: Tryk
",,,"name: tvivl, value: tvil
",,,,,,,,,,
"2021/03/02 13:58:45","7. klasse",Dansk,Nej,Nej,2,,"name: afstand, value: afstand
",,,,"name: automatisk, value: automatisk
",,,,,,,,"name: bjerg, value: bjerg
",,,,,,,,,"name: brugt, value: brugt
",,,,"name: chance, value: chance
",,,,,,,,,,,"name: drejede, value: drejede
",,,,,,"name: ekstra, value: ekstra
",,,,,,,"name: filmene, value: Filmene
",,,,,,,,,,"name: foregaa, value: foregå 
",,,,"name: forsoeg, value: forsøg
",,,,,,"name: gavn, value: gavn
",,,,,,,"name: grimt, value: grimt
",,,,,,,,,,,,,,,,,"name: hvordan, value: Hvordan
",,,,,,"name: irritere, value: irretere
",,,,,,,"name: konklusion, value: konklusion
",,,,,,,,"name: kvinde, value: kvinde
",,,,,,,,,,,,,,,,,,,,,"name: motto, value: motto
",,,,,,,"name: offentlige, value: offentlige
",,,,,,,,,,,,,"name: pludselig, value: Pludselige
",,,,,"name: psykisk, value: psykisk
",,,,,,,,,,"name: sagtens, value: sagtens
",,,,,,"name: selvfoelgelig, value: Selvfølgelig
",,,,,"name: silke, value: silke
",,,,,,,"name: slags, value: slags
",,,,,,,,,"name: snuppe, value: snuppe
",,,,,,,,"name: spoergsmaal, value: spørgsmål 
",,,,,,,"name: straekke, value: strække
",,,,,"name: svajede, value: svejede
",,,,,,,,,,"name: tekst, value: tekst
",,,,,,"name: tradition, value: tradition
",,,,,,,,"name: tvaers, value: tværs
",,,,"name: vaerst, value: Værst
",,,,,,,
